-- phpMyAdmin SQL Dump
-- version 3.2.4
-- http://www.phpmyadmin.net
--
-- Host: localhost
-- Generation Time: Nov 21, 2013 at 12:26 AM
-- Server version: 5.1.44
-- PHP Version: 5.3.1

SET SQL_MODE="NO_AUTO_VALUE_ON_ZERO";


/*!40101 SET @OLD_CHARACTER_SET_CLIENT=@@CHARACTER_SET_CLIENT */;
/*!40101 SET @OLD_CHARACTER_SET_RESULTS=@@CHARACTER_SET_RESULTS */;
/*!40101 SET @OLD_COLLATION_CONNECTION=@@COLLATION_CONNECTION */;
/*!40101 SET NAMES utf8 */;

--
-- Database: `enterpriseappstore`
--

-- --------------------------------------------------------

--
-- Table structure for table `apikeys`
--

DROP TABLE IF EXISTS `apikeys`;
CREATE TABLE `apikeys` (
  `id` int(11) unsigned NOT NULL AUTO_INCREMENT,
  `name` varchar(50) NOT NULL,
  `key` varchar(40) NOT NULL,
  `created` datetime NOT NULL,
  `modified` datetime NOT NULL,
  PRIMARY KEY (`id`),
  KEY `key` (`key`)
) ENGINE=MyISAM  DEFAULT CHARSET=utf8;

--
-- Dumping data for table `apikeys`
--

INSERT INTO `apikeys` (`id`, `name`, `key`, `created`, `modified`) VALUES
(2, 'New key 2', '98926ec6364f29c3103f4ef5eb1589b74af790fe', '2013-11-18 22:50:43', '2013-11-18 22:54:19'),
(5, 'Another key', 'f545bd0ad93e20e957b14d5c867c5aab03ac95aa', '2013-11-18 23:05:56', '2013-11-18 23:05:56');

-- --------------------------------------------------------

--
-- Table structure for table `applications`
--

DROP TABLE IF EXISTS `applications`;
CREATE TABLE `applications` (
  `id` bigint(20) unsigned NOT NULL AUTO_INCREMENT,
  `name` varchar(50) NOT NULL,
  `identifier` varchar(150) NOT NULL,
  `url` varchar(255) NOT NULL,
  `platform` tinyint(2) unsigned NOT NULL,
  `version` varchar(15) NOT NULL,
  `size` bigint(20) unsigned NOT NULL DEFAULT '0',
  `sort` int(5) unsigned NOT NULL DEFAULT '1000',
  `config` text NOT NULL,
  `location` tinyint(2) unsigned NOT NULL DEFAULT '0',
  `created` datetime NOT NULL,
  `modified` datetime NOT NULL,
  PRIMARY KEY (`id`),
  KEY `name` (`name`,`identifier`,`platform`,`sort`),
  KEY `version` (`version`)
) ENGINE=MyISAM  DEFAULT CHARSET=utf8;

--
-- Dumping data for table `applications`
--

INSERT INTO `applications` (`id`, `name`, `identifier`, `url`, `platform`, `version`, `size`, `sort`, `config`, `location`, `created`, `modified`) VALUES
(1, 'iDeviant', 'com.fuerteint.iDeviant', '', 1, '4.0', 1059404, 1000, '{"plist":{"CFBundleDisplayName":"iDeviant","CFBundleName":"iDeviant","DTXcode":"0501","DTSDKName":"iphoneos7.0","UISupportedInterfaceOrientations~ipad":["UIInterfaceOrientationPortrait","UIInterfaceOrientationPortraitUpsideDown","UIInterfaceOrientationLandscapeLeft","UIInterfaceOrientationLandscapeRight"],"CFBundleIcons~ipad":{"CFBundlePrimaryIcon":{"CFBundleIconFiles":["AppIcon29x29","AppIcon40x40","AppIcon60x60","AppIcon76x76"]}},"DTSDKBuild":"11B508","CFBundleDevelopmentRegion":"en","CFBundleVersion":"1.0","BuildMachineOSBuild":"13A603","DTPlatformName":"iphoneos","CFBundleShortVersionString":"4.0","CFBundlePackageType":"APPL","CFBundleSupportedPlatforms":["iPhoneOS"],"CFBundleInfoDictionaryVersion":"6.0","UIRequiredDeviceCapabilities":["armv7"],"DTCompiler":"com.apple.compilers.llvm.clang.1_0","CFBundleExecutable":"iDeviant","UILaunchImages":[{"UILaunchImageOrientation":"Portrait","UILaunchImageName":"LaunchImage-700-568h","UILaunchImageSize":"{320, 568}","UILaunchImageMinimumOSVersion":"7.0"}],"CFBundleResourceSpecification":"ResourceRules.plist","MinimumOSVersion":"7.0","UIDeviceFamily":[1],"UIViewControllerBasedStatusBarAppearance":false,"DTXcodeBuild":"5A2053","CFBundleIdentifier":"com.fuerteint.iDeviant","UIAppFonts":["FontAwesome.ttf"],"CFBundleSignature":"????","DTPlatformVersion":"7.0","CFBundleIcons":{"CFBundlePrimaryIcon":{"CFBundleIconFiles":["AppIcon29x29","AppIcon40x40","AppIcon60x60"]}},"LSRequiresIPhoneOS":true,"UISupportedInterfaceOrientations":["UIInterfaceOrientationPortrait","UIInterfaceOrientationLandscapeLeft","UIInterfaceOrientationLandscapeRight"],"DTPlatformBuild":"11B508"},"icons":["AppIcon29x29@2x.png","AppIcon29x29@2x~ipad.png","AppIcon29x29~ipad.png","AppIcon40x40@2x.png","AppIcon40x40@2x~ipad.png","AppIcon40x40~ipad.png","AppIcon60x60@2x.png","AppIcon76x76@2x~ipad.png","AppIcon76x76~ipad.png"],"provisioning":"enterprise","author":"","description":"","fullDescription":""}', 1, '2013-11-19 14:36:01', '2013-11-19 14:36:01'),
(29, 'removeya-debug', 'cz.ursimon.removya', '', 3, '1.0', 536699, 1000, '{"version-code":"1","install-location":"0","min-sdk-version":"8","screen-sizes":{"anydensity":"true","smallscreens":"true","normalscreens":"true","largescreens":"true","resizeable":"true"},"permissions":[],"author":"","description":"","fullDescription":""}', 0, '2013-11-20 09:40:35', '2013-11-20 09:40:35'),
(30, 'iDeviant', 'com.fuerteint.iDeviant', '', 1, '4.0', 1059404, 1000, '{"plist":{"CFBundleDisplayName":"iDeviant","CFBundleName":"iDeviant","DTXcode":"0501","DTSDKName":"iphoneos7.0","UISupportedInterfaceOrientations~ipad":["UIInterfaceOrientationPortrait","UIInterfaceOrientationPortraitUpsideDown","UIInterfaceOrientationLandscapeLeft","UIInterfaceOrientationLandscapeRight"],"CFBundleIcons~ipad":{"CFBundlePrimaryIcon":{"CFBundleIconFiles":["AppIcon29x29","AppIcon40x40","AppIcon60x60","AppIcon76x76"]}},"DTSDKBuild":"11B508","CFBundleDevelopmentRegion":"en","CFBundleVersion":"1.0","BuildMachineOSBuild":"13A603","DTPlatformName":"iphoneos","CFBundleShortVersionString":"4.0","CFBundlePackageType":"APPL","CFBundleSupportedPlatforms":["iPhoneOS"],"CFBundleInfoDictionaryVersion":"6.0","UIRequiredDeviceCapabilities":["armv7"],"DTCompiler":"com.apple.compilers.llvm.clang.1_0","CFBundleExecutable":"iDeviant","UILaunchImages":[{"UILaunchImageOrientation":"Portrait","UILaunchImageName":"LaunchImage-700-568h","UILaunchImageSize":"{320, 568}","UILaunchImageMinimumOSVersion":"7.0"}],"CFBundleResourceSpecification":"ResourceRules.plist","MinimumOSVersion":"7.0","UIDeviceFamily":[1],"UIViewControllerBasedStatusBarAppearance":false,"DTXcodeBuild":"5A2053","CFBundleIdentifier":"com.fuerteint.iDeviant","UIAppFonts":["FontAwesome.ttf"],"CFBundleSignature":"????","DTPlatformVersion":"7.0","CFBundleIcons":{"CFBundlePrimaryIcon":{"CFBundleIconFiles":["AppIcon29x29","AppIcon40x40","AppIcon60x60"]}},"LSRequiresIPhoneOS":true,"UISupportedInterfaceOrientations":["UIInterfaceOrientationPortrait","UIInterfaceOrientationLandscapeLeft","UIInterfaceOrientationLandscapeRight"],"DTPlatformBuild":"11B508"},"icons":["AppIcon29x29@2x.png","AppIcon29x29@2x~ipad.png","AppIcon29x29~ipad.png","AppIcon40x40@2x.png","AppIcon40x40@2x~ipad.png","AppIcon40x40~ipad.png","AppIcon60x60@2x.png","AppIcon76x76@2x~ipad.png","AppIcon76x76~ipad.png"],"provisioning":"enterprise"}', 0, '2013-11-20 21:08:09', '2013-11-20 21:08:09'),
(31, 'iDeviant', 'com.fuerteint.iDeviant', '', 1, '4.0', 1059404, 1000, '{"plist":{"CFBundleDisplayName":"iDeviant","CFBundleName":"iDeviant","DTXcode":"0501","DTSDKName":"iphoneos7.0","UISupportedInterfaceOrientations~ipad":["UIInterfaceOrientationPortrait","UIInterfaceOrientationPortraitUpsideDown","UIInterfaceOrientationLandscapeLeft","UIInterfaceOrientationLandscapeRight"],"CFBundleIcons~ipad":{"CFBundlePrimaryIcon":{"CFBundleIconFiles":["AppIcon29x29","AppIcon40x40","AppIcon60x60","AppIcon76x76"]}},"DTSDKBuild":"11B508","CFBundleDevelopmentRegion":"en","CFBundleVersion":"1.0","BuildMachineOSBuild":"13A603","DTPlatformName":"iphoneos","CFBundleShortVersionString":"4.0","CFBundlePackageType":"APPL","CFBundleSupportedPlatforms":["iPhoneOS"],"CFBundleInfoDictionaryVersion":"6.0","UIRequiredDeviceCapabilities":["armv7"],"DTCompiler":"com.apple.compilers.llvm.clang.1_0","CFBundleExecutable":"iDeviant","UILaunchImages":[{"UILaunchImageOrientation":"Portrait","UILaunchImageName":"LaunchImage-700-568h","UILaunchImageSize":"{320, 568}","UILaunchImageMinimumOSVersion":"7.0"}],"CFBundleResourceSpecification":"ResourceRules.plist","MinimumOSVersion":"7.0","UIDeviceFamily":[1],"UIViewControllerBasedStatusBarAppearance":false,"DTXcodeBuild":"5A2053","CFBundleIdentifier":"com.fuerteint.iDeviant","UIAppFonts":["FontAwesome.ttf"],"CFBundleSignature":"????","DTPlatformVersion":"7.0","CFBundleIcons":{"CFBundlePrimaryIcon":{"CFBundleIconFiles":["AppIcon29x29","AppIcon40x40","AppIcon60x60"]}},"LSRequiresIPhoneOS":true,"UISupportedInterfaceOrientations":["UIInterfaceOrientationPortrait","UIInterfaceOrientationLandscapeLeft","UIInterfaceOrientationLandscapeRight"],"DTPlatformBuild":"11B508"},"icons":["AppIcon29x29@2x.png","AppIcon29x29@2x~ipad.png","AppIcon29x29~ipad.png","AppIcon40x40@2x.png","AppIcon40x40@2x~ipad.png","AppIcon40x40~ipad.png","AppIcon60x60@2x.png","AppIcon76x76@2x~ipad.png","AppIcon76x76~ipad.png"],"provisioning":"enterprise","author":"","description":"","fullDescription":""}', 0, '2013-11-20 21:08:22', '2013-11-20 21:08:22'),
(32, 'iDeviant Latest', 'com.fuerteint.iDeviant', '', 1, '5.0', 1059404, 1000, '{"plist":{"CFBundleDisplayName":"iDeviant","CFBundleName":"iDeviant","DTXcode":"0501","DTSDKName":"iphoneos7.0","UISupportedInterfaceOrientations~ipad":["UIInterfaceOrientationPortrait","UIInterfaceOrientationPortraitUpsideDown","UIInterfaceOrientationLandscapeLeft","UIInterfaceOrientationLandscapeRight"],"CFBundleIcons~ipad":{"CFBundlePrimaryIcon":{"CFBundleIconFiles":["AppIcon29x29","AppIcon40x40","AppIcon60x60","AppIcon76x76"]}},"DTSDKBuild":"11B508","CFBundleDevelopmentRegion":"en","CFBundleVersion":"1.0","BuildMachineOSBuild":"13A603","DTPlatformName":"iphoneos","CFBundleShortVersionString":"4.0","CFBundlePackageType":"APPL","CFBundleSupportedPlatforms":["iPhoneOS"],"CFBundleInfoDictionaryVersion":"6.0","UIRequiredDeviceCapabilities":["armv7"],"DTCompiler":"com.apple.compilers.llvm.clang.1_0","CFBundleExecutable":"iDeviant","UILaunchImages":[{"UILaunchImageOrientation":"Portrait","UILaunchImageName":"LaunchImage-700-568h","UILaunchImageSize":"{320, 568}","UILaunchImageMinimumOSVersion":"7.0"}],"CFBundleResourceSpecification":"ResourceRules.plist","MinimumOSVersion":"7.0","UIDeviceFamily":[1],"UIViewControllerBasedStatusBarAppearance":false,"DTXcodeBuild":"5A2053","CFBundleIdentifier":"com.fuerteint.iDeviant","UIAppFonts":["FontAwesome.ttf"],"CFBundleSignature":"????","DTPlatformVersion":"7.0","CFBundleIcons":{"CFBundlePrimaryIcon":{"CFBundleIconFiles":["AppIcon29x29","AppIcon40x40","AppIcon60x60"]}},"LSRequiresIPhoneOS":true,"UISupportedInterfaceOrientations":["UIInterfaceOrientationPortrait","UIInterfaceOrientationLandscapeLeft","UIInterfaceOrientationLandscapeRight"],"DTPlatformBuild":"11B508"},"icons":["AppIcon29x29@2x.png","AppIcon29x29@2x~ipad.png","AppIcon29x29~ipad.png","AppIcon40x40@2x.png","AppIcon40x40@2x~ipad.png","AppIcon40x40~ipad.png","AppIcon60x60@2x.png","AppIcon76x76@2x~ipad.png","AppIcon76x76~ipad.png"],"provisioning":"enterprise"}', 0, '2013-11-20 21:08:35', '2013-11-20 21:08:35');

-- --------------------------------------------------------

--
-- Table structure for table `applications_attachments`
--

DROP TABLE IF EXISTS `applications_attachments`;
CREATE TABLE `applications_attachments` (
  `application_id` bigint(20) unsigned NOT NULL,
  `attachment_id` bigint(20) unsigned NOT NULL,
  KEY `application_id` (`application_id`,`attachment_id`)
) ENGINE=MyISAM DEFAULT CHARSET=utf8;

--
-- Dumping data for table `applications_attachments`
--


-- --------------------------------------------------------

--
-- Table structure for table `applications_categories`
--

DROP TABLE IF EXISTS `applications_categories`;
CREATE TABLE `applications_categories` (
  `application_id` bigint(20) unsigned NOT NULL,
  `category_id` int(11) unsigned NOT NULL,
  KEY `application_id` (`application_id`,`category_id`)
) ENGINE=MyISAM DEFAULT CHARSET=utf8;

--
-- Dumping data for table `applications_categories`
--

INSERT INTO `applications_categories` (`application_id`, `category_id`) VALUES
(1, 3),
(1, 7),
(29, 3),
(29, 6);

-- --------------------------------------------------------

--
-- Table structure for table `applications_groups`
--

DROP TABLE IF EXISTS `applications_groups`;
CREATE TABLE `applications_groups` (
  `application_id` bigint(20) unsigned NOT NULL,
  `group_id` int(11) unsigned NOT NULL,
  KEY `application_id` (`application_id`,`group_id`)
) ENGINE=MyISAM DEFAULT CHARSET=utf8;

--
-- Dumping data for table `applications_groups`
--

INSERT INTO `applications_groups` (`application_id`, `group_id`) VALUES
(1, 10),
(31, 10);

-- --------------------------------------------------------

--
-- Table structure for table `attachments`
--

DROP TABLE IF EXISTS `attachments`;
CREATE TABLE `attachments` (
  `id` int(11) unsigned NOT NULL AUTO_INCREMENT,
  `application_id` bigint(20) unsigned DEFAULT NULL,
  `application_identifier` varchar(150) NOT NULL,
  `application_platform` tinyint(2) unsigned DEFAULT NULL,
  `name` varchar(255) NOT NULL,
  `description` text NOT NULL,
  `filetype_id` int(11) unsigned NOT NULL,
  `created` datetime NOT NULL,
  `modified` datetime NOT NULL,
  PRIMARY KEY (`id`),
  KEY `application_id` (`application_id`,`name`,`created`,`modified`),
  KEY `application_identifier` (`application_identifier`),
  KEY `application_platform` (`application_platform`)
) ENGINE=MyISAM  DEFAULT CHARSET=utf8;

--
-- Dumping data for table `attachments`
--

INSERT INTO `attachments` (`id`, `application_id`, `application_identifier`, `application_platform`, `name`, `description`, `filetype_id`, `created`, `modified`) VALUES
(1, 13, '', NULL, 'How To', 'How to install this app', 1, '2013-11-04 18:20:57', '2013-11-04 18:20:57'),
(2, 0, 'com.fuerteint.ijenkins', 0, 'User Guide', 'How to operate iJenkins app', 2, '2013-11-04 18:21:56', '2013-11-04 18:21:56');

-- --------------------------------------------------------

--
-- Table structure for table `categories`
--

DROP TABLE IF EXISTS `categories`;
CREATE TABLE `categories` (
  `id` int(11) unsigned NOT NULL AUTO_INCREMENT,
  `name` varchar(50) NOT NULL,
  `description` text NOT NULL,
  `icon` varchar(30) NOT NULL,
  `created` datetime NOT NULL,
  `modified` datetime NOT NULL,
  PRIMARY KEY (`id`),
  KEY `name` (`name`),
  KEY `created` (`created`,`modified`)
) ENGINE=MyISAM  DEFAULT CHARSET=utf8;

--
-- Dumping data for table `categories`
--

INSERT INTO `categories` (`id`, `name`, `description`, `icon`, `created`, `modified`) VALUES
(1, 'Travel', '', 'icon-plane', '0000-00-00 00:00:00', '0000-00-00 00:00:00'),
(2, 'Health', '', 'icon-ambulance', '0000-00-00 00:00:00', '2013-11-11 16:44:16'),
(3, 'Photography', '', 'icon-camera', '0000-00-00 00:00:00', '2013-11-11 15:15:34'),
(4, 'Games', '', 'icon-fighter-jet', '0000-00-00 00:00:00', '2013-11-11 15:15:51'),
(5, 'Legal', '', 'icon-legal', '0000-00-00 00:00:00', '0000-00-00 00:00:00'),
(6, 'Utilities', '', 'icon-lightbulb', '0000-00-00 00:00:00', '0000-00-00 00:00:00'),
(7, 'Android', 'Lorem ipsum dolor sit amet. Lorem ipsum dolor sit amet.', 'icon-android', '0000-00-00 00:00:00', '2013-11-12 10:36:17'),
(8, 'Finance', '', 'icon-money', '0000-00-00 00:00:00', '2013-11-11 15:15:59'),
(9, 'Apple', '', 'icon-apple', '0000-00-00 00:00:00', '0000-00-00 00:00:00'),
(11, 'Retro', '', 'icon-camera-retro', '0000-00-00 00:00:00', '0000-00-00 00:00:00');

-- --------------------------------------------------------

--
-- Table structure for table `downloads`
--

DROP TABLE IF EXISTS `downloads`;
CREATE TABLE `downloads` (
  `application_id` bigint(20) unsigned NOT NULL,
  `created` datetime NOT NULL,
  KEY `application_id` (`application_id`,`created`)
) ENGINE=MyISAM DEFAULT CHARSET=utf8;

--
-- Dumping data for table `downloads`
--

INSERT INTO `downloads` (`application_id`, `created`) VALUES
(1, '2013-10-27 23:09:35'),
(1, '2013-10-27 23:09:35'),
(1, '2013-10-27 23:09:35'),
(1, '2013-10-27 23:09:35'),
(1, '2013-10-27 23:09:35'),
(1, '2013-10-27 23:09:35'),
(1, '2013-10-27 23:09:36'),
(1, '2013-10-27 23:09:36'),
(1, '2013-10-27 23:09:36'),
(1, '2013-10-27 23:09:36'),
(1, '2013-10-27 23:09:36'),
(1, '2013-10-27 23:09:36'),
(1, '2013-10-27 23:09:36'),
(1, '2013-10-27 23:09:36'),
(1, '2013-10-27 23:09:36'),
(1, '2013-10-27 23:09:36'),
(1, '2013-10-27 23:09:36'),
(1, '2013-10-27 23:09:36'),
(1, '2013-10-27 23:09:36'),
(1, '2013-10-27 23:09:36'),
(1, '2013-10-27 23:09:36'),
(1, '2013-10-27 23:09:36'),
(1, '2013-10-27 23:09:36'),
(1, '2013-10-27 23:09:36'),
(1, '2013-10-27 23:09:36'),
(1, '2013-10-27 23:09:36'),
(1, '2013-10-27 23:09:36'),
(1, '2013-10-27 23:09:36'),
(1, '2013-10-27 23:09:36'),
(1, '2013-10-27 23:09:36'),
(1, '2013-10-27 23:09:36'),
(1, '2013-10-27 23:09:36'),
(1, '2013-10-27 23:09:36'),
(1, '2013-10-27 23:09:36'),
(1, '2013-10-27 23:09:36'),
(1, '2013-10-27 23:09:36'),
(1, '2013-10-27 23:09:36'),
(1, '2013-10-27 23:09:36'),
(1, '2013-10-27 23:09:36'),
(1, '2013-10-27 23:09:36'),
(1, '2013-10-27 23:09:36'),
(1, '2013-10-27 23:09:36'),
(1, '2013-10-27 23:09:36'),
(1, '2013-10-27 23:09:36'),
(1, '2013-10-27 23:09:36'),
(1, '2013-10-27 23:09:36'),
(1, '2013-10-27 23:09:36'),
(1, '2013-10-27 23:09:36'),
(1, '2013-10-27 23:09:36'),
(1, '2013-10-27 23:09:36'),
(1, '2013-10-27 23:09:36'),
(1, '2013-10-27 23:09:36'),
(1, '2013-10-27 23:09:36'),
(1, '2013-10-27 23:09:36'),
(1, '2013-10-27 23:09:36'),
(1, '2013-10-27 23:09:36'),
(1, '2013-10-27 23:09:36'),
(1, '2013-10-27 23:09:36'),
(1, '2013-10-27 23:09:36'),
(1, '2013-10-27 23:09:36'),
(1, '2013-10-27 23:09:36'),
(1, '2013-10-27 23:09:36'),
(1, '2013-10-27 23:09:36'),
(1, '2013-10-27 23:09:36'),
(1, '2013-10-27 23:09:36'),
(1, '2013-10-27 23:09:36'),
(1, '2013-10-27 23:09:36'),
(1, '2013-10-27 23:09:36'),
(1, '2013-10-27 23:09:36'),
(1, '2013-10-27 23:09:36'),
(1, '2013-10-27 23:09:36'),
(1, '2013-10-27 23:09:37'),
(1, '2013-10-27 23:09:37'),
(1, '2013-10-27 23:09:37'),
(1, '2013-10-27 23:09:37'),
(1, '2013-10-27 23:09:37'),
(1, '2013-10-27 23:09:37'),
(1, '2013-10-27 23:09:37'),
(1, '2013-10-28 23:09:35'),
(1, '2013-10-28 23:09:35'),
(1, '2013-10-28 23:09:35'),
(1, '2013-10-28 23:09:35'),
(1, '2013-10-28 23:09:35'),
(1, '2013-10-28 23:09:35'),
(1, '2013-10-28 23:09:35'),
(1, '2013-10-28 23:09:35'),
(1, '2013-10-28 23:09:35'),
(1, '2013-10-28 23:09:35'),
(1, '2013-10-28 23:09:35'),
(1, '2013-10-28 23:09:35'),
(1, '2013-10-28 23:09:35'),
(1, '2013-10-28 23:09:35'),
(1, '2013-10-28 23:09:35'),
(1, '2013-10-28 23:09:35'),
(1, '2013-10-28 23:09:35'),
(1, '2013-10-28 23:09:35'),
(1, '2013-10-28 23:09:35'),
(1, '2013-10-28 23:09:35'),
(1, '2013-10-28 23:09:35'),
(1, '2013-10-28 23:09:35'),
(1, '2013-10-28 23:09:35'),
(1, '2013-10-28 23:09:35'),
(1, '2013-10-28 23:09:35'),
(1, '2013-10-28 23:09:35'),
(1, '2013-10-28 23:09:36'),
(1, '2013-10-28 23:09:36'),
(1, '2013-10-28 23:09:36'),
(1, '2013-10-28 23:09:36'),
(1, '2013-10-28 23:09:36'),
(1, '2013-10-28 23:09:36'),
(1, '2013-10-28 23:09:36'),
(1, '2013-10-28 23:09:36'),
(1, '2013-10-28 23:09:36'),
(1, '2013-10-28 23:09:36'),
(1, '2013-10-28 23:09:36'),
(1, '2013-10-28 23:09:36'),
(1, '2013-10-28 23:09:36'),
(1, '2013-10-28 23:09:36'),
(1, '2013-10-28 23:09:36'),
(1, '2013-10-28 23:09:36'),
(1, '2013-10-28 23:09:36'),
(1, '2013-10-28 23:09:36'),
(1, '2013-10-28 23:09:36'),
(1, '2013-10-28 23:09:36'),
(1, '2013-10-28 23:09:36'),
(1, '2013-10-28 23:09:36'),
(1, '2013-10-28 23:09:36'),
(1, '2013-10-28 23:09:36'),
(1, '2013-10-28 23:09:36'),
(1, '2013-10-28 23:09:36'),
(1, '2013-10-28 23:09:36'),
(1, '2013-10-28 23:09:36'),
(1, '2013-10-28 23:09:36'),
(1, '2013-10-28 23:09:36'),
(1, '2013-10-28 23:09:36'),
(1, '2013-10-28 23:09:36'),
(1, '2013-10-28 23:09:36'),
(1, '2013-10-28 23:09:36'),
(1, '2013-10-28 23:09:36'),
(1, '2013-10-28 23:09:36'),
(1, '2013-10-28 23:09:36'),
(1, '2013-10-28 23:09:36'),
(1, '2013-10-28 23:09:36'),
(1, '2013-10-28 23:09:36'),
(1, '2013-10-28 23:09:36'),
(1, '2013-10-28 23:09:36'),
(1, '2013-10-28 23:09:36'),
(1, '2013-10-28 23:09:36'),
(1, '2013-10-28 23:09:36'),
(1, '2013-10-28 23:09:36'),
(1, '2013-10-28 23:09:36'),
(1, '2013-10-28 23:09:36'),
(1, '2013-10-28 23:09:36'),
(1, '2013-10-28 23:09:36'),
(1, '2013-10-28 23:09:36'),
(1, '2013-10-28 23:09:37'),
(1, '2013-10-28 23:09:37'),
(1, '2013-10-28 23:09:37'),
(1, '2013-10-28 23:09:37'),
(1, '2013-10-28 23:09:37'),
(1, '2013-10-28 23:09:37'),
(1, '2013-10-28 23:09:37'),
(1, '2013-10-28 23:09:37'),
(1, '2013-10-28 23:09:37'),
(1, '2013-10-28 23:09:37'),
(1, '2013-10-28 23:09:37'),
(1, '2013-10-28 23:09:37'),
(1, '2013-10-28 23:09:37'),
(1, '2013-10-28 23:09:37'),
(1, '2013-10-28 23:09:37'),
(1, '2013-10-28 23:09:37'),
(1, '2013-10-28 23:09:37'),
(1, '2013-10-28 23:09:37'),
(1, '2013-10-28 23:09:37'),
(1, '2013-10-29 23:09:35'),
(1, '2013-10-29 23:09:35'),
(1, '2013-10-29 23:09:35'),
(1, '2013-10-29 23:09:35'),
(1, '2013-10-29 23:09:35'),
(1, '2013-10-29 23:09:35'),
(1, '2013-10-29 23:09:36'),
(1, '2013-10-29 23:09:36'),
(1, '2013-10-29 23:09:36'),
(1, '2013-10-29 23:09:36'),
(1, '2013-10-29 23:09:36'),
(1, '2013-10-29 23:09:36'),
(1, '2013-10-29 23:09:36'),
(1, '2013-10-29 23:09:36'),
(1, '2013-10-29 23:09:36'),
(1, '2013-10-29 23:09:36'),
(1, '2013-10-29 23:09:36'),
(1, '2013-10-29 23:09:36'),
(1, '2013-10-29 23:09:36'),
(1, '2013-10-29 23:09:36'),
(1, '2013-10-29 23:09:36'),
(1, '2013-10-29 23:09:36'),
(1, '2013-10-29 23:09:36'),
(1, '2013-10-29 23:09:36'),
(1, '2013-10-29 23:09:36'),
(1, '2013-10-29 23:09:36'),
(1, '2013-10-29 23:09:36'),
(1, '2013-10-29 23:09:36'),
(1, '2013-10-29 23:09:36'),
(1, '2013-10-29 23:09:36'),
(1, '2013-10-29 23:09:36'),
(1, '2013-10-29 23:09:36'),
(1, '2013-10-29 23:09:36'),
(1, '2013-10-29 23:09:36'),
(1, '2013-10-29 23:09:36'),
(1, '2013-10-29 23:09:36'),
(1, '2013-10-29 23:09:36'),
(1, '2013-10-29 23:09:36'),
(1, '2013-10-29 23:09:36'),
(1, '2013-10-29 23:09:36'),
(1, '2013-10-29 23:09:36'),
(1, '2013-10-29 23:09:36'),
(1, '2013-10-29 23:09:36'),
(1, '2013-10-29 23:09:36'),
(1, '2013-10-29 23:09:36'),
(1, '2013-10-29 23:09:36'),
(1, '2013-10-29 23:09:36'),
(1, '2013-10-29 23:09:36'),
(1, '2013-10-29 23:09:36'),
(1, '2013-10-29 23:09:36'),
(1, '2013-10-29 23:09:36'),
(1, '2013-10-29 23:09:36'),
(1, '2013-10-29 23:09:36'),
(1, '2013-10-29 23:09:36'),
(1, '2013-10-29 23:09:36'),
(1, '2013-10-29 23:09:36'),
(1, '2013-10-29 23:09:36'),
(1, '2013-10-29 23:09:36'),
(1, '2013-10-29 23:09:36'),
(1, '2013-10-29 23:09:36'),
(1, '2013-10-29 23:09:36'),
(1, '2013-10-29 23:09:36'),
(1, '2013-10-29 23:09:36'),
(1, '2013-10-29 23:09:36'),
(1, '2013-10-29 23:09:36'),
(1, '2013-10-29 23:09:36'),
(1, '2013-10-29 23:09:36'),
(1, '2013-10-29 23:09:36'),
(1, '2013-10-29 23:09:36'),
(1, '2013-10-29 23:09:36'),
(1, '2013-10-29 23:09:36'),
(1, '2013-10-29 23:09:36'),
(1, '2013-10-29 23:09:36'),
(1, '2013-10-29 23:09:36'),
(1, '2013-10-29 23:09:36'),
(1, '2013-10-29 23:09:36'),
(1, '2013-10-29 23:09:36'),
(1, '2013-10-29 23:09:36'),
(1, '2013-10-29 23:09:37'),
(1, '2013-10-29 23:09:37'),
(1, '2013-10-29 23:09:37'),
(1, '2013-10-29 23:09:37'),
(1, '2013-10-29 23:09:37'),
(1, '2013-10-29 23:09:37'),
(1, '2013-10-29 23:09:37'),
(1, '2013-10-29 23:09:37'),
(1, '2013-10-29 23:09:37'),
(1, '2013-10-29 23:09:37'),
(1, '2013-10-29 23:09:37'),
(1, '2013-10-29 23:09:37'),
(1, '2013-10-29 23:09:37'),
(1, '2013-10-29 23:09:37'),
(1, '2013-10-29 23:09:37'),
(1, '2013-10-29 23:09:37'),
(1, '2013-10-30 23:09:35'),
(1, '2013-10-30 23:09:35'),
(1, '2013-10-30 23:09:35'),
(1, '2013-10-30 23:09:35'),
(1, '2013-10-30 23:09:35'),
(1, '2013-10-30 23:09:35'),
(1, '2013-10-30 23:09:35'),
(1, '2013-10-30 23:09:35'),
(1, '2013-10-30 23:09:35'),
(1, '2013-10-30 23:09:35'),
(1, '2013-10-30 23:09:35'),
(1, '2013-10-30 23:09:35'),
(1, '2013-10-30 23:09:35'),
(1, '2013-10-30 23:09:35'),
(1, '2013-10-30 23:09:35'),
(1, '2013-10-30 23:09:35'),
(1, '2013-10-30 23:09:36'),
(1, '2013-10-30 23:09:36'),
(1, '2013-10-30 23:09:36'),
(1, '2013-10-30 23:09:36'),
(1, '2013-10-30 23:09:36'),
(1, '2013-10-30 23:09:36'),
(1, '2013-10-30 23:09:36'),
(1, '2013-10-30 23:09:36'),
(1, '2013-10-30 23:09:36'),
(1, '2013-10-30 23:09:36'),
(1, '2013-10-30 23:09:36'),
(1, '2013-10-30 23:09:36'),
(1, '2013-10-30 23:09:36'),
(1, '2013-10-30 23:09:36'),
(1, '2013-10-30 23:09:36'),
(1, '2013-10-30 23:09:36'),
(1, '2013-10-30 23:09:36'),
(1, '2013-10-30 23:09:36'),
(1, '2013-10-30 23:09:36'),
(1, '2013-10-30 23:09:36'),
(1, '2013-10-30 23:09:36'),
(1, '2013-10-30 23:09:36'),
(1, '2013-10-30 23:09:36'),
(1, '2013-10-30 23:09:36'),
(1, '2013-10-30 23:09:36'),
(1, '2013-10-30 23:09:36'),
(1, '2013-10-30 23:09:36'),
(1, '2013-10-30 23:09:36'),
(1, '2013-10-30 23:09:36'),
(1, '2013-10-30 23:09:36'),
(1, '2013-10-30 23:09:36'),
(1, '2013-10-30 23:09:36'),
(1, '2013-10-30 23:09:36'),
(1, '2013-10-30 23:09:36'),
(1, '2013-10-30 23:09:36'),
(1, '2013-10-30 23:09:36'),
(1, '2013-10-30 23:09:36'),
(1, '2013-10-30 23:09:36'),
(1, '2013-10-30 23:09:36'),
(1, '2013-10-30 23:09:36'),
(1, '2013-10-30 23:09:36'),
(1, '2013-10-30 23:09:36'),
(1, '2013-10-30 23:09:36'),
(1, '2013-10-30 23:09:36'),
(1, '2013-10-30 23:09:36'),
(1, '2013-10-30 23:09:36'),
(1, '2013-10-30 23:09:36'),
(1, '2013-10-30 23:09:36'),
(1, '2013-10-30 23:09:36'),
(1, '2013-10-30 23:09:36'),
(1, '2013-10-30 23:09:36'),
(1, '2013-10-30 23:09:36'),
(1, '2013-10-30 23:09:36'),
(1, '2013-10-30 23:09:36'),
(1, '2013-10-30 23:09:36'),
(1, '2013-10-30 23:09:36'),
(1, '2013-10-30 23:09:36'),
(1, '2013-10-30 23:09:36'),
(1, '2013-10-30 23:09:36'),
(1, '2013-10-30 23:09:36'),
(1, '2013-10-30 23:09:36'),
(1, '2013-10-30 23:09:36'),
(1, '2013-10-30 23:09:36'),
(1, '2013-10-30 23:09:36'),
(1, '2013-10-30 23:09:36'),
(1, '2013-10-30 23:09:36'),
(1, '2013-10-30 23:09:36'),
(1, '2013-10-30 23:09:36'),
(1, '2013-10-30 23:09:36'),
(1, '2013-10-30 23:09:36'),
(1, '2013-10-30 23:09:36'),
(1, '2013-10-30 23:09:36'),
(1, '2013-10-30 23:09:36'),
(1, '2013-10-30 23:09:36'),
(1, '2013-10-30 23:09:36'),
(1, '2013-10-30 23:09:36'),
(1, '2013-10-30 23:09:36'),
(1, '2013-10-30 23:09:36'),
(1, '2013-10-30 23:09:37'),
(1, '2013-10-30 23:09:37'),
(1, '2013-10-30 23:09:37'),
(1, '2013-10-30 23:09:37'),
(1, '2013-10-30 23:09:37'),
(1, '2013-10-30 23:09:37'),
(1, '2013-10-30 23:09:37'),
(1, '2013-10-30 23:09:37'),
(1, '2013-10-30 23:09:37'),
(1, '2013-10-30 23:09:37'),
(1, '2013-10-30 23:09:37'),
(1, '2013-10-30 23:09:37'),
(1, '2013-10-30 23:09:37'),
(1, '2013-10-30 23:09:37'),
(1, '2013-10-30 23:09:37'),
(1, '2013-10-30 23:09:37'),
(1, '2013-10-30 23:09:37'),
(1, '2013-10-30 23:09:37'),
(1, '2013-10-30 23:09:37'),
(1, '2013-10-30 23:09:37'),
(1, '2013-10-31 23:09:35'),
(1, '2013-10-31 23:09:35'),
(1, '2013-10-31 23:09:35'),
(1, '2013-10-31 23:09:35'),
(1, '2013-10-31 23:09:35'),
(1, '2013-10-31 23:09:35'),
(1, '2013-10-31 23:09:35'),
(1, '2013-10-31 23:09:35'),
(1, '2013-10-31 23:09:35'),
(1, '2013-10-31 23:09:35'),
(1, '2013-10-31 23:09:35'),
(1, '2013-10-31 23:09:35'),
(1, '2013-10-31 23:09:35'),
(1, '2013-10-31 23:09:35'),
(1, '2013-10-31 23:09:35'),
(1, '2013-10-31 23:09:35'),
(1, '2013-10-31 23:09:35'),
(1, '2013-10-31 23:09:35'),
(1, '2013-10-31 23:09:35'),
(1, '2013-10-31 23:09:35'),
(1, '2013-10-31 23:09:35'),
(1, '2013-10-31 23:09:35'),
(1, '2013-10-31 23:09:35'),
(1, '2013-10-31 23:09:35'),
(1, '2013-10-31 23:09:36'),
(1, '2013-10-31 23:09:36'),
(1, '2013-10-31 23:09:36'),
(1, '2013-10-31 23:09:36'),
(1, '2013-10-31 23:09:36'),
(1, '2013-10-31 23:09:36'),
(1, '2013-10-31 23:09:36'),
(1, '2013-10-31 23:09:36'),
(1, '2013-10-31 23:09:36'),
(1, '2013-10-31 23:09:36'),
(1, '2013-10-31 23:09:36'),
(1, '2013-10-31 23:09:36'),
(1, '2013-10-31 23:09:36'),
(1, '2013-10-31 23:09:36'),
(1, '2013-10-31 23:09:36'),
(1, '2013-10-31 23:09:36'),
(1, '2013-10-31 23:09:36'),
(1, '2013-10-31 23:09:36'),
(1, '2013-10-31 23:09:36'),
(1, '2013-10-31 23:09:36'),
(1, '2013-10-31 23:09:36'),
(1, '2013-10-31 23:09:36'),
(1, '2013-10-31 23:09:36'),
(1, '2013-10-31 23:09:36'),
(1, '2013-10-31 23:09:36'),
(1, '2013-10-31 23:09:36'),
(1, '2013-10-31 23:09:36'),
(1, '2013-10-31 23:09:36'),
(1, '2013-10-31 23:09:36'),
(1, '2013-10-31 23:09:36'),
(1, '2013-10-31 23:09:36'),
(1, '2013-10-31 23:09:36'),
(1, '2013-10-31 23:09:36'),
(1, '2013-10-31 23:09:36'),
(1, '2013-10-31 23:09:36'),
(1, '2013-10-31 23:09:36'),
(1, '2013-10-31 23:09:36'),
(1, '2013-10-31 23:09:36'),
(1, '2013-10-31 23:09:36'),
(1, '2013-10-31 23:09:36'),
(1, '2013-10-31 23:09:36'),
(1, '2013-10-31 23:09:36'),
(1, '2013-10-31 23:09:36'),
(1, '2013-10-31 23:09:36'),
(1, '2013-10-31 23:09:36'),
(1, '2013-10-31 23:09:36'),
(1, '2013-10-31 23:09:36'),
(1, '2013-10-31 23:09:36'),
(1, '2013-10-31 23:09:36'),
(1, '2013-10-31 23:09:36'),
(1, '2013-10-31 23:09:36'),
(1, '2013-10-31 23:09:36'),
(1, '2013-10-31 23:09:36'),
(1, '2013-10-31 23:09:36'),
(1, '2013-10-31 23:09:36'),
(1, '2013-10-31 23:09:36'),
(1, '2013-10-31 23:09:36'),
(1, '2013-10-31 23:09:36'),
(1, '2013-10-31 23:09:36'),
(1, '2013-10-31 23:09:36'),
(1, '2013-10-31 23:09:36'),
(1, '2013-10-31 23:09:36'),
(1, '2013-10-31 23:09:36'),
(1, '2013-10-31 23:09:36'),
(1, '2013-10-31 23:09:36'),
(1, '2013-10-31 23:09:36'),
(1, '2013-10-31 23:09:36'),
(1, '2013-10-31 23:09:36'),
(1, '2013-10-31 23:09:36'),
(1, '2013-10-31 23:09:36'),
(1, '2013-10-31 23:09:36'),
(1, '2013-10-31 23:09:36'),
(1, '2013-10-31 23:09:36'),
(1, '2013-10-31 23:09:37'),
(1, '2013-10-31 23:09:37'),
(1, '2013-10-31 23:09:37'),
(1, '2013-10-31 23:09:37'),
(1, '2013-10-31 23:09:37'),
(1, '2013-10-31 23:09:37'),
(1, '2013-10-31 23:09:37'),
(1, '2013-10-31 23:09:37'),
(1, '2013-10-31 23:09:37'),
(1, '2013-10-31 23:09:37'),
(1, '2013-10-31 23:09:37'),
(1, '2013-10-31 23:09:37'),
(1, '2013-10-31 23:09:37'),
(1, '2013-10-31 23:09:37'),
(1, '2013-10-31 23:09:37'),
(1, '2013-10-31 23:09:37'),
(1, '2013-10-31 23:09:37'),
(1, '2013-10-31 23:09:37'),
(1, '2013-10-31 23:09:37'),
(1, '2013-10-31 23:09:37'),
(1, '2013-10-31 23:09:37'),
(1, '2013-10-31 23:09:37'),
(1, '2013-10-31 23:09:37'),
(1, '2013-11-01 23:09:35'),
(1, '2013-11-01 23:09:35'),
(1, '2013-11-01 23:09:35'),
(1, '2013-11-01 23:09:35'),
(1, '2013-11-01 23:09:35'),
(1, '2013-11-01 23:09:35'),
(1, '2013-11-01 23:09:35'),
(1, '2013-11-01 23:09:35'),
(1, '2013-11-01 23:09:35'),
(1, '2013-11-01 23:09:35'),
(1, '2013-11-01 23:09:35'),
(1, '2013-11-01 23:09:36'),
(1, '2013-11-01 23:09:36'),
(1, '2013-11-01 23:09:36'),
(1, '2013-11-01 23:09:36'),
(1, '2013-11-01 23:09:36'),
(1, '2013-11-01 23:09:36'),
(1, '2013-11-01 23:09:36'),
(1, '2013-11-01 23:09:36'),
(1, '2013-11-01 23:09:36'),
(1, '2013-11-01 23:09:36'),
(1, '2013-11-01 23:09:36'),
(1, '2013-11-01 23:09:36'),
(1, '2013-11-01 23:09:36'),
(1, '2013-11-01 23:09:36'),
(1, '2013-11-01 23:09:36'),
(1, '2013-11-01 23:09:36'),
(1, '2013-11-01 23:09:36'),
(1, '2013-11-01 23:09:36'),
(1, '2013-11-01 23:09:36'),
(1, '2013-11-01 23:09:36'),
(1, '2013-11-01 23:09:36'),
(1, '2013-11-01 23:09:36'),
(1, '2013-11-01 23:09:36'),
(1, '2013-11-01 23:09:36'),
(1, '2013-11-01 23:09:36'),
(1, '2013-11-01 23:09:36'),
(1, '2013-11-01 23:09:36'),
(1, '2013-11-01 23:09:36'),
(1, '2013-11-01 23:09:36'),
(1, '2013-11-01 23:09:36'),
(1, '2013-11-01 23:09:36'),
(1, '2013-11-01 23:09:36'),
(1, '2013-11-01 23:09:36'),
(1, '2013-11-01 23:09:36'),
(1, '2013-11-01 23:09:36'),
(1, '2013-11-01 23:09:36'),
(1, '2013-11-01 23:09:36'),
(1, '2013-11-01 23:09:36'),
(1, '2013-11-01 23:09:36'),
(1, '2013-11-01 23:09:36'),
(1, '2013-11-01 23:09:36'),
(1, '2013-11-01 23:09:36'),
(1, '2013-11-01 23:09:36'),
(1, '2013-11-01 23:09:36'),
(1, '2013-11-01 23:09:36'),
(1, '2013-11-01 23:09:36'),
(1, '2013-11-01 23:09:36'),
(1, '2013-11-01 23:09:36'),
(1, '2013-11-01 23:09:36'),
(1, '2013-11-01 23:09:36'),
(1, '2013-11-01 23:09:36'),
(1, '2013-11-01 23:09:36'),
(1, '2013-11-01 23:09:36'),
(1, '2013-11-01 23:09:36'),
(1, '2013-11-01 23:09:36'),
(1, '2013-11-01 23:09:36'),
(1, '2013-11-01 23:09:36'),
(1, '2013-11-01 23:09:36'),
(1, '2013-11-01 23:09:36'),
(1, '2013-11-01 23:09:36'),
(1, '2013-11-01 23:09:36'),
(1, '2013-11-01 23:09:36'),
(1, '2013-11-01 23:09:36'),
(1, '2013-11-01 23:09:36'),
(1, '2013-11-01 23:09:36'),
(1, '2013-11-01 23:09:36'),
(1, '2013-11-01 23:09:36'),
(1, '2013-11-01 23:09:36'),
(1, '2013-11-01 23:09:36'),
(1, '2013-11-01 23:09:36'),
(1, '2013-11-01 23:09:36'),
(1, '2013-11-01 23:09:36'),
(1, '2013-11-01 23:09:36'),
(1, '2013-11-01 23:09:36'),
(1, '2013-11-01 23:09:36'),
(1, '2013-11-01 23:09:36'),
(1, '2013-11-01 23:09:36'),
(1, '2013-11-01 23:09:36'),
(1, '2013-11-01 23:09:36'),
(1, '2013-11-01 23:09:36'),
(1, '2013-11-01 23:09:37'),
(1, '2013-11-01 23:09:37'),
(1, '2013-11-01 23:09:37'),
(1, '2013-11-01 23:09:37'),
(1, '2013-11-01 23:09:37'),
(1, '2013-11-01 23:09:37'),
(1, '2013-11-01 23:09:37'),
(1, '2013-11-01 23:09:37'),
(1, '2013-11-01 23:09:37'),
(1, '2013-11-01 23:09:37'),
(1, '2013-11-01 23:09:37'),
(1, '2013-11-01 23:09:37'),
(1, '2013-11-01 23:09:37'),
(1, '2013-11-01 23:09:37'),
(1, '2013-11-01 23:09:37'),
(1, '2013-11-01 23:09:37'),
(1, '2013-11-01 23:09:37'),
(1, '2013-11-01 23:09:37'),
(1, '2013-11-01 23:09:37'),
(1, '2013-11-01 23:09:37'),
(1, '2013-11-01 23:09:37'),
(1, '2013-11-01 23:09:37'),
(1, '2013-11-02 23:09:35'),
(1, '2013-11-02 23:09:35'),
(1, '2013-11-02 23:09:35'),
(1, '2013-11-02 23:09:35'),
(1, '2013-11-02 23:09:35'),
(1, '2013-11-02 23:09:35'),
(1, '2013-11-02 23:09:35'),
(1, '2013-11-02 23:09:35'),
(1, '2013-11-02 23:09:36'),
(1, '2013-11-02 23:09:36'),
(1, '2013-11-02 23:09:36'),
(1, '2013-11-02 23:09:36'),
(1, '2013-11-02 23:09:36'),
(1, '2013-11-02 23:09:36'),
(1, '2013-11-02 23:09:36'),
(1, '2013-11-02 23:09:36'),
(1, '2013-11-02 23:09:36'),
(1, '2013-11-02 23:09:36'),
(1, '2013-11-02 23:09:36'),
(1, '2013-11-02 23:09:36'),
(1, '2013-11-02 23:09:36'),
(1, '2013-11-02 23:09:36'),
(1, '2013-11-02 23:09:36'),
(1, '2013-11-02 23:09:36'),
(1, '2013-11-02 23:09:36'),
(1, '2013-11-02 23:09:36'),
(1, '2013-11-02 23:09:36'),
(1, '2013-11-02 23:09:36'),
(1, '2013-11-02 23:09:36'),
(1, '2013-11-02 23:09:36'),
(1, '2013-11-02 23:09:36'),
(1, '2013-11-02 23:09:36'),
(1, '2013-11-02 23:09:36'),
(1, '2013-11-02 23:09:36'),
(1, '2013-11-02 23:09:36'),
(1, '2013-11-02 23:09:36'),
(1, '2013-11-02 23:09:36'),
(1, '2013-11-02 23:09:36'),
(1, '2013-11-02 23:09:36'),
(1, '2013-11-02 23:09:36'),
(1, '2013-11-02 23:09:36'),
(1, '2013-11-02 23:09:36'),
(1, '2013-11-02 23:09:36'),
(1, '2013-11-02 23:09:36'),
(1, '2013-11-02 23:09:36'),
(1, '2013-11-02 23:09:36'),
(1, '2013-11-02 23:09:36'),
(1, '2013-11-02 23:09:36'),
(1, '2013-11-02 23:09:36'),
(1, '2013-11-02 23:09:36'),
(1, '2013-11-02 23:09:36'),
(1, '2013-11-02 23:09:36'),
(1, '2013-11-02 23:09:36'),
(1, '2013-11-02 23:09:36'),
(1, '2013-11-02 23:09:36'),
(1, '2013-11-02 23:09:36'),
(1, '2013-11-02 23:09:36'),
(1, '2013-11-02 23:09:36'),
(1, '2013-11-02 23:09:36'),
(1, '2013-11-02 23:09:36'),
(1, '2013-11-02 23:09:36'),
(1, '2013-11-02 23:09:36'),
(1, '2013-11-02 23:09:36'),
(1, '2013-11-02 23:09:36'),
(1, '2013-11-02 23:09:37'),
(1, '2013-11-02 23:09:37'),
(1, '2013-11-02 23:09:37'),
(1, '2013-11-02 23:09:37'),
(1, '2013-11-02 23:09:37'),
(1, '2013-11-02 23:09:37'),
(1, '2013-11-02 23:09:37'),
(1, '2013-11-03 23:09:35'),
(1, '2013-11-03 23:09:35'),
(1, '2013-11-03 23:09:35'),
(1, '2013-11-03 23:09:35'),
(1, '2013-11-03 23:09:35'),
(1, '2013-11-03 23:09:35'),
(1, '2013-11-03 23:09:35'),
(1, '2013-11-03 23:09:35'),
(1, '2013-11-03 23:09:35'),
(1, '2013-11-03 23:09:35'),
(1, '2013-11-03 23:09:35'),
(1, '2013-11-03 23:09:36'),
(1, '2013-11-03 23:09:36'),
(1, '2013-11-03 23:09:36'),
(1, '2013-11-03 23:09:36'),
(1, '2013-11-03 23:09:36'),
(1, '2013-11-03 23:09:36'),
(1, '2013-11-03 23:09:36'),
(1, '2013-11-03 23:09:36'),
(1, '2013-11-03 23:09:36'),
(1, '2013-11-03 23:09:36'),
(1, '2013-11-03 23:09:36'),
(1, '2013-11-03 23:09:36'),
(1, '2013-11-03 23:09:36'),
(1, '2013-11-03 23:09:36'),
(1, '2013-11-03 23:09:36'),
(1, '2013-11-03 23:09:36'),
(1, '2013-11-03 23:09:36'),
(1, '2013-11-03 23:09:36'),
(1, '2013-11-03 23:09:36'),
(1, '2013-11-03 23:09:36'),
(1, '2013-11-03 23:09:36'),
(1, '2013-11-03 23:09:36'),
(1, '2013-11-03 23:09:36'),
(1, '2013-11-03 23:09:36'),
(1, '2013-11-03 23:09:36'),
(1, '2013-11-03 23:09:36'),
(1, '2013-11-03 23:09:36'),
(1, '2013-11-03 23:09:36'),
(1, '2013-11-03 23:09:36'),
(1, '2013-11-03 23:09:36'),
(1, '2013-11-03 23:09:36'),
(1, '2013-11-03 23:09:36'),
(1, '2013-11-03 23:09:36'),
(1, '2013-11-03 23:09:36'),
(1, '2013-11-03 23:09:36'),
(1, '2013-11-03 23:09:36'),
(1, '2013-11-03 23:09:36'),
(1, '2013-11-03 23:09:36'),
(1, '2013-11-03 23:09:36'),
(1, '2013-11-03 23:09:36'),
(1, '2013-11-03 23:09:36'),
(1, '2013-11-03 23:09:36'),
(1, '2013-11-03 23:09:36'),
(1, '2013-11-03 23:09:36'),
(1, '2013-11-03 23:09:36'),
(1, '2013-11-03 23:09:36'),
(1, '2013-11-03 23:09:36'),
(1, '2013-11-03 23:09:36'),
(1, '2013-11-03 23:09:36'),
(1, '2013-11-03 23:09:36'),
(1, '2013-11-03 23:09:36'),
(1, '2013-11-03 23:09:36'),
(1, '2013-11-03 23:09:36'),
(1, '2013-11-03 23:09:36'),
(1, '2013-11-03 23:09:36'),
(1, '2013-11-03 23:09:36'),
(1, '2013-11-03 23:09:36'),
(1, '2013-11-03 23:09:36'),
(1, '2013-11-03 23:09:36'),
(1, '2013-11-03 23:09:36'),
(1, '2013-11-03 23:09:36'),
(1, '2013-11-03 23:09:36'),
(1, '2013-11-03 23:09:36'),
(1, '2013-11-03 23:09:36'),
(1, '2013-11-03 23:09:36'),
(1, '2013-11-03 23:09:36'),
(1, '2013-11-03 23:09:36'),
(1, '2013-11-03 23:09:36'),
(1, '2013-11-03 23:09:36'),
(1, '2013-11-03 23:09:36'),
(1, '2013-11-03 23:09:36'),
(1, '2013-11-03 23:09:36'),
(1, '2013-11-03 23:09:36'),
(1, '2013-11-03 23:09:37'),
(1, '2013-11-03 23:09:37'),
(1, '2013-11-03 23:09:37'),
(1, '2013-11-03 23:09:37'),
(1, '2013-11-03 23:09:37'),
(1, '2013-11-03 23:09:37'),
(1, '2013-11-03 23:09:37'),
(1, '2013-11-03 23:09:37'),
(1, '2013-11-03 23:09:37'),
(1, '2013-11-03 23:09:37'),
(1, '2013-11-03 23:09:37'),
(1, '2013-11-03 23:09:37'),
(1, '2013-11-03 23:09:37'),
(1, '2013-11-03 23:09:37'),
(1, '2013-11-03 23:09:37'),
(1, '2013-11-03 23:09:37'),
(1, '2013-11-04 23:09:35'),
(1, '2013-11-04 23:09:35'),
(1, '2013-11-04 23:09:35'),
(1, '2013-11-04 23:09:35'),
(1, '2013-11-04 23:09:35'),
(1, '2013-11-04 23:09:35'),
(1, '2013-11-04 23:09:35'),
(1, '2013-11-04 23:09:35'),
(1, '2013-11-04 23:09:35'),
(1, '2013-11-04 23:09:35'),
(1, '2013-11-04 23:09:35'),
(1, '2013-11-04 23:09:35'),
(1, '2013-11-04 23:09:35'),
(1, '2013-11-04 23:09:35'),
(1, '2013-11-04 23:09:35'),
(1, '2013-11-04 23:09:35'),
(1, '2013-11-04 23:09:35'),
(1, '2013-11-04 23:09:35'),
(1, '2013-11-04 23:09:36'),
(1, '2013-11-04 23:09:36'),
(1, '2013-11-04 23:09:36'),
(1, '2013-11-04 23:09:36'),
(1, '2013-11-04 23:09:36'),
(1, '2013-11-04 23:09:36'),
(1, '2013-11-04 23:09:36'),
(1, '2013-11-04 23:09:36'),
(1, '2013-11-04 23:09:36'),
(1, '2013-11-04 23:09:36'),
(1, '2013-11-04 23:09:36'),
(1, '2013-11-04 23:09:36'),
(1, '2013-11-04 23:09:36'),
(1, '2013-11-04 23:09:36'),
(1, '2013-11-04 23:09:36'),
(1, '2013-11-04 23:09:36'),
(1, '2013-11-04 23:09:36'),
(1, '2013-11-04 23:09:36'),
(1, '2013-11-04 23:09:36'),
(1, '2013-11-04 23:09:36'),
(1, '2013-11-04 23:09:36'),
(1, '2013-11-04 23:09:36'),
(1, '2013-11-04 23:09:36'),
(1, '2013-11-04 23:09:36'),
(1, '2013-11-04 23:09:36'),
(1, '2013-11-04 23:09:36'),
(1, '2013-11-04 23:09:36'),
(1, '2013-11-04 23:09:36'),
(1, '2013-11-04 23:09:36'),
(1, '2013-11-04 23:09:36'),
(1, '2013-11-04 23:09:36'),
(1, '2013-11-04 23:09:36'),
(1, '2013-11-04 23:09:36'),
(1, '2013-11-04 23:09:36'),
(1, '2013-11-04 23:09:36'),
(1, '2013-11-04 23:09:36'),
(1, '2013-11-04 23:09:36'),
(1, '2013-11-04 23:09:36'),
(1, '2013-11-04 23:09:36'),
(1, '2013-11-04 23:09:36'),
(1, '2013-11-04 23:09:36'),
(1, '2013-11-04 23:09:36'),
(1, '2013-11-04 23:09:36'),
(1, '2013-11-04 23:09:36'),
(1, '2013-11-04 23:09:36'),
(1, '2013-11-04 23:09:36'),
(1, '2013-11-04 23:09:36'),
(1, '2013-11-04 23:09:36'),
(1, '2013-11-04 23:09:36'),
(1, '2013-11-04 23:09:36'),
(1, '2013-11-04 23:09:36'),
(1, '2013-11-04 23:09:36'),
(1, '2013-11-04 23:09:36'),
(1, '2013-11-04 23:09:36'),
(1, '2013-11-04 23:09:36'),
(1, '2013-11-04 23:09:36'),
(1, '2013-11-04 23:09:36'),
(1, '2013-11-04 23:09:36'),
(1, '2013-11-04 23:09:36'),
(1, '2013-11-04 23:09:36'),
(1, '2013-11-04 23:09:36'),
(1, '2013-11-04 23:09:36'),
(1, '2013-11-04 23:09:36'),
(1, '2013-11-04 23:09:36'),
(1, '2013-11-04 23:09:36'),
(1, '2013-11-04 23:09:36'),
(1, '2013-11-04 23:09:36'),
(1, '2013-11-04 23:09:36'),
(1, '2013-11-04 23:09:36'),
(1, '2013-11-04 23:09:36'),
(1, '2013-11-04 23:09:36'),
(1, '2013-11-04 23:09:36'),
(1, '2013-11-04 23:09:36'),
(1, '2013-11-04 23:09:36'),
(1, '2013-11-04 23:09:36'),
(1, '2013-11-04 23:09:36'),
(1, '2013-11-04 23:09:36'),
(1, '2013-11-04 23:09:36'),
(1, '2013-11-04 23:09:36'),
(1, '2013-11-04 23:09:37'),
(1, '2013-11-04 23:09:37'),
(1, '2013-11-04 23:09:37'),
(1, '2013-11-04 23:09:37'),
(1, '2013-11-04 23:09:37'),
(1, '2013-11-04 23:09:37'),
(1, '2013-11-04 23:09:37'),
(1, '2013-11-04 23:09:37'),
(1, '2013-11-04 23:09:37'),
(1, '2013-11-04 23:09:37'),
(1, '2013-11-04 23:09:37'),
(1, '2013-11-04 23:09:37'),
(1, '2013-11-04 23:09:37'),
(1, '2013-11-04 23:09:37'),
(1, '2013-11-04 23:09:37'),
(1, '2013-11-04 23:09:37'),
(1, '2013-11-04 23:09:37'),
(1, '2013-11-04 23:09:37'),
(1, '2013-11-04 23:09:37'),
(1, '2013-11-04 23:09:37'),
(1, '2013-11-04 23:09:37'),
(1, '2013-11-04 23:09:37'),
(1, '2013-11-04 23:09:37'),
(1, '2013-11-04 23:09:37'),
(1, '2013-11-04 23:09:37'),
(1, '2013-11-05 23:09:35'),
(1, '2013-11-05 23:09:35'),
(1, '2013-11-05 23:09:35'),
(1, '2013-11-05 23:09:35'),
(1, '2013-11-05 23:09:35'),
(1, '2013-11-05 23:09:35'),
(1, '2013-11-05 23:09:35'),
(1, '2013-11-05 23:09:35'),
(1, '2013-11-05 23:09:35'),
(1, '2013-11-05 23:09:35'),
(1, '2013-11-05 23:09:35'),
(1, '2013-11-05 23:09:35'),
(1, '2013-11-05 23:09:35'),
(1, '2013-11-05 23:09:35'),
(1, '2013-11-05 23:09:35'),
(1, '2013-11-05 23:09:35'),
(1, '2013-11-05 23:09:35'),
(1, '2013-11-05 23:09:35'),
(1, '2013-11-05 23:09:35'),
(1, '2013-11-05 23:09:35'),
(1, '2013-11-05 23:09:35'),
(1, '2013-11-05 23:09:35'),
(1, '2013-11-05 23:09:35'),
(1, '2013-11-05 23:09:36'),
(1, '2013-11-05 23:09:36'),
(1, '2013-11-05 23:09:36'),
(1, '2013-11-05 23:09:36'),
(1, '2013-11-05 23:09:36'),
(1, '2013-11-05 23:09:36'),
(1, '2013-11-05 23:09:36'),
(1, '2013-11-05 23:09:36'),
(1, '2013-11-05 23:09:36'),
(1, '2013-11-05 23:09:36'),
(1, '2013-11-05 23:09:36'),
(1, '2013-11-05 23:09:36'),
(1, '2013-11-05 23:09:36'),
(1, '2013-11-05 23:09:36'),
(1, '2013-11-05 23:09:36'),
(1, '2013-11-05 23:09:36'),
(1, '2013-11-05 23:09:36'),
(1, '2013-11-05 23:09:36'),
(1, '2013-11-05 23:09:36'),
(1, '2013-11-05 23:09:36'),
(1, '2013-11-05 23:09:36'),
(1, '2013-11-05 23:09:36'),
(1, '2013-11-05 23:09:36'),
(1, '2013-11-05 23:09:36'),
(1, '2013-11-05 23:09:36'),
(1, '2013-11-05 23:09:36'),
(1, '2013-11-05 23:09:36'),
(1, '2013-11-05 23:09:36'),
(1, '2013-11-05 23:09:36'),
(1, '2013-11-05 23:09:36'),
(1, '2013-11-05 23:09:36'),
(1, '2013-11-05 23:09:36'),
(1, '2013-11-05 23:09:36'),
(1, '2013-11-05 23:09:36'),
(1, '2013-11-05 23:09:36'),
(1, '2013-11-05 23:09:36'),
(1, '2013-11-05 23:09:36'),
(1, '2013-11-05 23:09:36'),
(1, '2013-11-05 23:09:36'),
(1, '2013-11-05 23:09:36'),
(1, '2013-11-05 23:09:36'),
(1, '2013-11-05 23:09:36'),
(1, '2013-11-05 23:09:36'),
(1, '2013-11-05 23:09:36'),
(1, '2013-11-05 23:09:36'),
(1, '2013-11-05 23:09:36'),
(1, '2013-11-05 23:09:36'),
(1, '2013-11-05 23:09:36'),
(1, '2013-11-05 23:09:36'),
(1, '2013-11-05 23:09:36'),
(1, '2013-11-05 23:09:36'),
(1, '2013-11-05 23:09:36'),
(1, '2013-11-05 23:09:36'),
(1, '2013-11-05 23:09:36'),
(1, '2013-11-05 23:09:36'),
(1, '2013-11-05 23:09:36'),
(1, '2013-11-05 23:09:36'),
(1, '2013-11-05 23:09:36'),
(1, '2013-11-05 23:09:36'),
(1, '2013-11-05 23:09:36'),
(1, '2013-11-05 23:09:36'),
(1, '2013-11-05 23:09:37'),
(1, '2013-11-05 23:09:37'),
(1, '2013-11-05 23:09:37'),
(1, '2013-11-05 23:09:37'),
(1, '2013-11-05 23:09:37'),
(1, '2013-11-05 23:09:37'),
(1, '2013-11-05 23:09:37'),
(1, '2013-11-05 23:09:37'),
(1, '2013-11-05 23:09:37'),
(1, '2013-11-05 23:09:37'),
(1, '2013-11-05 23:09:37'),
(1, '2013-11-05 23:09:37'),
(1, '2013-11-05 23:09:37'),
(1, '2013-11-05 23:09:37'),
(1, '2013-11-05 23:09:37'),
(1, '2013-11-05 23:09:37'),
(1, '2013-11-05 23:09:37'),
(1, '2013-11-05 23:09:37'),
(1, '2013-11-05 23:09:37'),
(1, '2013-11-05 23:09:37'),
(1, '2013-11-05 23:09:37'),
(1, '2013-11-05 23:09:37'),
(1, '2013-11-05 23:09:37'),
(1, '2013-11-06 23:09:35'),
(1, '2013-11-06 23:09:35'),
(1, '2013-11-06 23:09:35'),
(1, '2013-11-06 23:09:35'),
(1, '2013-11-06 23:09:35'),
(1, '2013-11-06 23:09:35'),
(1, '2013-11-06 23:09:35'),
(1, '2013-11-06 23:09:35'),
(1, '2013-11-06 23:09:35'),
(1, '2013-11-06 23:09:35'),
(1, '2013-11-06 23:09:35'),
(1, '2013-11-06 23:09:35'),
(1, '2013-11-06 23:09:35'),
(1, '2013-11-06 23:09:35'),
(1, '2013-11-06 23:09:35'),
(1, '2013-11-06 23:09:35'),
(1, '2013-11-06 23:09:35'),
(1, '2013-11-06 23:09:36'),
(1, '2013-11-06 23:09:36'),
(1, '2013-11-06 23:09:36'),
(1, '2013-11-06 23:09:36'),
(1, '2013-11-06 23:09:36'),
(1, '2013-11-06 23:09:36'),
(1, '2013-11-06 23:09:36'),
(1, '2013-11-06 23:09:36'),
(1, '2013-11-06 23:09:36'),
(1, '2013-11-06 23:09:36'),
(1, '2013-11-06 23:09:36'),
(1, '2013-11-06 23:09:36'),
(1, '2013-11-06 23:09:36'),
(1, '2013-11-06 23:09:36'),
(1, '2013-11-06 23:09:36'),
(1, '2013-11-06 23:09:36'),
(1, '2013-11-06 23:09:36'),
(1, '2013-11-06 23:09:36'),
(1, '2013-11-06 23:09:36'),
(1, '2013-11-06 23:09:36'),
(1, '2013-11-06 23:09:36'),
(1, '2013-11-06 23:09:36'),
(1, '2013-11-06 23:09:36'),
(1, '2013-11-06 23:09:36'),
(1, '2013-11-06 23:09:36'),
(1, '2013-11-06 23:09:36'),
(1, '2013-11-06 23:09:36'),
(1, '2013-11-06 23:09:36'),
(1, '2013-11-06 23:09:36'),
(1, '2013-11-06 23:09:36'),
(1, '2013-11-06 23:09:36'),
(1, '2013-11-06 23:09:36'),
(1, '2013-11-06 23:09:36'),
(1, '2013-11-06 23:09:36'),
(1, '2013-11-06 23:09:36'),
(1, '2013-11-06 23:09:36'),
(1, '2013-11-06 23:09:36'),
(1, '2013-11-06 23:09:36'),
(1, '2013-11-06 23:09:36'),
(1, '2013-11-06 23:09:36'),
(1, '2013-11-06 23:09:36'),
(1, '2013-11-06 23:09:36'),
(1, '2013-11-06 23:09:36'),
(1, '2013-11-06 23:09:37'),
(1, '2013-11-06 23:09:37'),
(1, '2013-11-06 23:09:37'),
(1, '2013-11-06 23:09:37'),
(1, '2013-11-06 23:09:37'),
(1, '2013-11-06 23:09:37'),
(1, '2013-11-06 23:09:37'),
(1, '2013-11-07 23:09:35'),
(1, '2013-11-07 23:09:35'),
(1, '2013-11-07 23:09:35'),
(1, '2013-11-07 23:09:35'),
(1, '2013-11-07 23:09:35'),
(1, '2013-11-07 23:09:35'),
(1, '2013-11-07 23:09:35'),
(1, '2013-11-07 23:09:35'),
(1, '2013-11-07 23:09:35'),
(1, '2013-11-07 23:09:35'),
(1, '2013-11-07 23:09:35'),
(1, '2013-11-07 23:09:35'),
(1, '2013-11-07 23:09:35'),
(1, '2013-11-07 23:09:35'),
(1, '2013-11-07 23:09:35'),
(1, '2013-11-07 23:09:35'),
(1, '2013-11-07 23:09:35'),
(1, '2013-11-07 23:09:35'),
(1, '2013-11-07 23:09:35'),
(1, '2013-11-07 23:09:35'),
(1, '2013-11-07 23:09:35'),
(1, '2013-11-07 23:09:35'),
(1, '2013-11-07 23:09:35'),
(1, '2013-11-07 23:09:35'),
(1, '2013-11-07 23:09:36'),
(1, '2013-11-07 23:09:36'),
(1, '2013-11-07 23:09:36'),
(1, '2013-11-07 23:09:36'),
(1, '2013-11-07 23:09:36'),
(1, '2013-11-07 23:09:36'),
(1, '2013-11-07 23:09:36'),
(1, '2013-11-07 23:09:36'),
(1, '2013-11-07 23:09:36'),
(1, '2013-11-07 23:09:36'),
(1, '2013-11-07 23:09:36'),
(1, '2013-11-07 23:09:36'),
(1, '2013-11-07 23:09:36'),
(1, '2013-11-07 23:09:36'),
(1, '2013-11-07 23:09:36'),
(1, '2013-11-07 23:09:36'),
(1, '2013-11-07 23:09:36'),
(1, '2013-11-07 23:09:36'),
(1, '2013-11-07 23:09:36'),
(1, '2013-11-07 23:09:36'),
(1, '2013-11-07 23:09:36'),
(1, '2013-11-07 23:09:36'),
(1, '2013-11-07 23:09:36'),
(1, '2013-11-07 23:09:36'),
(1, '2013-11-07 23:09:36'),
(1, '2013-11-07 23:09:36'),
(1, '2013-11-07 23:09:36'),
(1, '2013-11-07 23:09:36'),
(1, '2013-11-07 23:09:36'),
(1, '2013-11-07 23:09:36'),
(1, '2013-11-07 23:09:36'),
(1, '2013-11-07 23:09:36'),
(1, '2013-11-07 23:09:36'),
(1, '2013-11-07 23:09:36'),
(1, '2013-11-07 23:09:36'),
(1, '2013-11-07 23:09:36'),
(1, '2013-11-07 23:09:36'),
(1, '2013-11-07 23:09:36'),
(1, '2013-11-07 23:09:36'),
(1, '2013-11-07 23:09:36'),
(1, '2013-11-07 23:09:36'),
(1, '2013-11-07 23:09:36'),
(1, '2013-11-07 23:09:36'),
(1, '2013-11-07 23:09:36'),
(1, '2013-11-07 23:09:36'),
(1, '2013-11-07 23:09:36'),
(1, '2013-11-07 23:09:36'),
(1, '2013-11-07 23:09:36'),
(1, '2013-11-07 23:09:36'),
(1, '2013-11-07 23:09:36'),
(1, '2013-11-07 23:09:36'),
(1, '2013-11-07 23:09:36'),
(1, '2013-11-07 23:09:36'),
(1, '2013-11-07 23:09:36'),
(1, '2013-11-07 23:09:36'),
(1, '2013-11-07 23:09:36'),
(1, '2013-11-07 23:09:36'),
(1, '2013-11-07 23:09:36'),
(1, '2013-11-07 23:09:36'),
(1, '2013-11-07 23:09:36'),
(1, '2013-11-07 23:09:36'),
(1, '2013-11-07 23:09:36'),
(1, '2013-11-07 23:09:36'),
(1, '2013-11-07 23:09:36'),
(1, '2013-11-07 23:09:36'),
(1, '2013-11-07 23:09:36'),
(1, '2013-11-07 23:09:36'),
(1, '2013-11-07 23:09:36'),
(1, '2013-11-07 23:09:36'),
(1, '2013-11-07 23:09:36'),
(1, '2013-11-07 23:09:36'),
(1, '2013-11-07 23:09:36'),
(1, '2013-11-07 23:09:36'),
(1, '2013-11-07 23:09:36'),
(1, '2013-11-07 23:09:36'),
(1, '2013-11-07 23:09:36'),
(1, '2013-11-07 23:09:36'),
(1, '2013-11-07 23:09:36'),
(1, '2013-11-07 23:09:36'),
(1, '2013-11-07 23:09:36'),
(1, '2013-11-07 23:09:36'),
(1, '2013-11-08 23:09:35'),
(1, '2013-11-08 23:09:35'),
(1, '2013-11-08 23:09:35'),
(1, '2013-11-08 23:09:35'),
(1, '2013-11-08 23:09:35'),
(1, '2013-11-08 23:09:35'),
(1, '2013-11-08 23:09:35'),
(1, '2013-11-08 23:09:35'),
(1, '2013-11-08 23:09:35'),
(1, '2013-11-08 23:09:35'),
(1, '2013-11-08 23:09:35'),
(1, '2013-11-08 23:09:35'),
(1, '2013-11-08 23:09:35'),
(1, '2013-11-08 23:09:35'),
(1, '2013-11-08 23:09:35'),
(1, '2013-11-08 23:09:35'),
(1, '2013-11-08 23:09:36'),
(1, '2013-11-08 23:09:36'),
(1, '2013-11-08 23:09:36'),
(1, '2013-11-08 23:09:36'),
(1, '2013-11-08 23:09:36'),
(1, '2013-11-08 23:09:36'),
(1, '2013-11-08 23:09:36'),
(1, '2013-11-08 23:09:36'),
(1, '2013-11-08 23:09:36'),
(1, '2013-11-08 23:09:36'),
(1, '2013-11-08 23:09:36'),
(1, '2013-11-08 23:09:36'),
(1, '2013-11-08 23:09:36'),
(1, '2013-11-08 23:09:36'),
(1, '2013-11-08 23:09:36'),
(1, '2013-11-08 23:09:36'),
(1, '2013-11-08 23:09:36'),
(1, '2013-11-08 23:09:36'),
(1, '2013-11-08 23:09:36'),
(1, '2013-11-08 23:09:36'),
(1, '2013-11-08 23:09:36'),
(1, '2013-11-08 23:09:36'),
(1, '2013-11-08 23:09:36'),
(1, '2013-11-08 23:09:36'),
(1, '2013-11-08 23:09:36'),
(1, '2013-11-08 23:09:36'),
(1, '2013-11-08 23:09:36'),
(1, '2013-11-08 23:09:36'),
(1, '2013-11-08 23:09:36'),
(1, '2013-11-08 23:09:36'),
(1, '2013-11-08 23:09:36'),
(1, '2013-11-08 23:09:36'),
(1, '2013-11-08 23:09:36'),
(1, '2013-11-08 23:09:36'),
(1, '2013-11-08 23:09:36'),
(1, '2013-11-08 23:09:36'),
(1, '2013-11-08 23:09:36'),
(1, '2013-11-08 23:09:36'),
(1, '2013-11-08 23:09:36'),
(1, '2013-11-08 23:09:36'),
(1, '2013-11-08 23:09:36'),
(1, '2013-11-08 23:09:36'),
(1, '2013-11-08 23:09:36'),
(1, '2013-11-08 23:09:36'),
(1, '2013-11-08 23:09:36'),
(1, '2013-11-08 23:09:36'),
(1, '2013-11-08 23:09:36'),
(1, '2013-11-08 23:09:36'),
(1, '2013-11-08 23:09:36'),
(1, '2013-11-08 23:09:36'),
(1, '2013-11-08 23:09:36'),
(1, '2013-11-08 23:09:36'),
(1, '2013-11-08 23:09:36'),
(1, '2013-11-08 23:09:36'),
(1, '2013-11-08 23:09:36'),
(1, '2013-11-08 23:09:36'),
(1, '2013-11-08 23:09:36'),
(1, '2013-11-08 23:09:36'),
(1, '2013-11-08 23:09:36'),
(1, '2013-11-08 23:09:36'),
(1, '2013-11-08 23:09:36'),
(1, '2013-11-08 23:09:36'),
(1, '2013-11-08 23:09:36'),
(1, '2013-11-08 23:09:36'),
(1, '2013-11-08 23:09:36'),
(1, '2013-11-08 23:09:36'),
(1, '2013-11-08 23:09:36'),
(1, '2013-11-08 23:09:36'),
(1, '2013-11-09 23:09:35'),
(1, '2013-11-09 23:09:35'),
(1, '2013-11-09 23:09:35'),
(1, '2013-11-09 23:09:35'),
(1, '2013-11-09 23:09:35'),
(1, '2013-11-09 23:09:35'),
(1, '2013-11-09 23:09:35'),
(1, '2013-11-09 23:09:35'),
(1, '2013-11-09 23:09:35'),
(1, '2013-11-09 23:09:35'),
(1, '2013-11-09 23:09:35'),
(1, '2013-11-09 23:09:35'),
(1, '2013-11-09 23:09:35'),
(1, '2013-11-09 23:09:35'),
(1, '2013-11-09 23:09:35'),
(1, '2013-11-09 23:09:35'),
(1, '2013-11-09 23:09:35'),
(1, '2013-11-09 23:09:35'),
(1, '2013-11-09 23:09:35'),
(1, '2013-11-09 23:09:35'),
(1, '2013-11-09 23:09:36'),
(1, '2013-11-09 23:09:36'),
(1, '2013-11-09 23:09:36'),
(1, '2013-11-09 23:09:36'),
(1, '2013-11-09 23:09:36'),
(1, '2013-11-09 23:09:36'),
(1, '2013-11-09 23:09:36'),
(1, '2013-11-09 23:09:36'),
(1, '2013-11-09 23:09:36'),
(1, '2013-11-09 23:09:36'),
(1, '2013-11-09 23:09:36'),
(1, '2013-11-09 23:09:36'),
(1, '2013-11-09 23:09:36'),
(1, '2013-11-09 23:09:36'),
(1, '2013-11-09 23:09:36'),
(1, '2013-11-09 23:09:36'),
(1, '2013-11-09 23:09:36'),
(1, '2013-11-09 23:09:36'),
(1, '2013-11-09 23:09:36'),
(1, '2013-11-09 23:09:36'),
(1, '2013-11-09 23:09:36'),
(1, '2013-11-09 23:09:36'),
(1, '2013-11-09 23:09:36'),
(1, '2013-11-09 23:09:36'),
(1, '2013-11-09 23:09:36'),
(1, '2013-11-09 23:09:36'),
(1, '2013-11-09 23:09:36'),
(1, '2013-11-09 23:09:36'),
(1, '2013-11-09 23:09:36'),
(1, '2013-11-09 23:09:36'),
(1, '2013-11-09 23:09:36'),
(1, '2013-11-09 23:09:36'),
(1, '2013-11-09 23:09:36'),
(1, '2013-11-09 23:09:36'),
(1, '2013-11-09 23:09:36'),
(1, '2013-11-09 23:09:36'),
(1, '2013-11-09 23:09:36'),
(1, '2013-11-09 23:09:36'),
(1, '2013-11-09 23:09:36'),
(1, '2013-11-09 23:09:36'),
(1, '2013-11-09 23:09:36'),
(1, '2013-11-09 23:09:36'),
(1, '2013-11-09 23:09:36'),
(1, '2013-11-09 23:09:36'),
(1, '2013-11-09 23:09:36'),
(1, '2013-11-09 23:09:36'),
(1, '2013-11-09 23:09:36'),
(1, '2013-11-09 23:09:36'),
(1, '2013-11-09 23:09:36'),
(1, '2013-11-09 23:09:36'),
(1, '2013-11-09 23:09:36'),
(1, '2013-11-09 23:09:36'),
(1, '2013-11-09 23:09:36'),
(1, '2013-11-09 23:09:36'),
(1, '2013-11-09 23:09:36'),
(1, '2013-11-09 23:09:36'),
(1, '2013-11-09 23:09:36'),
(1, '2013-11-09 23:09:36'),
(1, '2013-11-09 23:09:36'),
(1, '2013-11-09 23:09:36'),
(1, '2013-11-09 23:09:36'),
(1, '2013-11-09 23:09:36'),
(1, '2013-11-09 23:09:36'),
(1, '2013-11-09 23:09:36'),
(1, '2013-11-09 23:09:36'),
(1, '2013-11-09 23:09:36'),
(1, '2013-11-09 23:09:36'),
(1, '2013-11-09 23:09:36'),
(1, '2013-11-09 23:09:36'),
(1, '2013-11-09 23:09:36'),
(1, '2013-11-10 23:09:35'),
(1, '2013-11-10 23:09:35'),
(1, '2013-11-10 23:09:35'),
(1, '2013-11-10 23:09:35'),
(1, '2013-11-10 23:09:35'),
(1, '2013-11-10 23:09:35'),
(1, '2013-11-10 23:09:35'),
(1, '2013-11-10 23:09:35'),
(1, '2013-11-10 23:09:35'),
(1, '2013-11-10 23:09:35'),
(1, '2013-11-10 23:09:35'),
(1, '2013-11-10 23:09:36'),
(1, '2013-11-10 23:09:36'),
(1, '2013-11-10 23:09:36'),
(1, '2013-11-10 23:09:36'),
(1, '2013-11-10 23:09:36'),
(1, '2013-11-10 23:09:36'),
(1, '2013-11-10 23:09:36'),
(1, '2013-11-10 23:09:36'),
(1, '2013-11-10 23:09:36'),
(1, '2013-11-10 23:09:36'),
(1, '2013-11-10 23:09:36'),
(1, '2013-11-10 23:09:36'),
(1, '2013-11-10 23:09:36'),
(1, '2013-11-10 23:09:36'),
(1, '2013-11-10 23:09:36'),
(1, '2013-11-10 23:09:36'),
(1, '2013-11-10 23:09:36'),
(1, '2013-11-10 23:09:36'),
(1, '2013-11-10 23:09:36'),
(1, '2013-11-10 23:09:36'),
(1, '2013-11-10 23:09:36'),
(1, '2013-11-10 23:09:36'),
(1, '2013-11-10 23:09:36'),
(1, '2013-11-10 23:09:36'),
(1, '2013-11-10 23:09:36'),
(1, '2013-11-10 23:09:36'),
(1, '2013-11-10 23:09:36'),
(1, '2013-11-10 23:09:36'),
(1, '2013-11-10 23:09:36'),
(1, '2013-11-10 23:09:36'),
(1, '2013-11-10 23:09:36'),
(1, '2013-11-10 23:09:36'),
(1, '2013-11-10 23:09:36'),
(1, '2013-11-10 23:09:36'),
(1, '2013-11-10 23:09:36'),
(1, '2013-11-10 23:09:36'),
(1, '2013-11-10 23:09:36'),
(1, '2013-11-10 23:09:36'),
(1, '2013-11-10 23:09:36'),
(1, '2013-11-10 23:09:36'),
(1, '2013-11-10 23:09:36'),
(1, '2013-11-10 23:09:36'),
(1, '2013-11-10 23:09:36'),
(1, '2013-11-10 23:09:36'),
(1, '2013-11-10 23:09:36'),
(1, '2013-11-10 23:09:36'),
(1, '2013-11-10 23:09:36'),
(1, '2013-11-10 23:09:36'),
(1, '2013-11-10 23:09:36'),
(1, '2013-11-10 23:09:36'),
(1, '2013-11-10 23:09:36'),
(1, '2013-11-10 23:09:36'),
(1, '2013-11-10 23:09:36'),
(1, '2013-11-10 23:09:36'),
(1, '2013-11-10 23:09:36'),
(1, '2013-11-10 23:09:36'),
(1, '2013-11-10 23:09:36'),
(1, '2013-11-10 23:09:36'),
(1, '2013-11-10 23:09:36'),
(1, '2013-11-10 23:09:36'),
(1, '2013-11-10 23:09:36'),
(1, '2013-11-10 23:09:36'),
(1, '2013-11-10 23:09:36'),
(1, '2013-11-10 23:09:36'),
(1, '2013-11-10 23:09:36'),
(1, '2013-11-10 23:09:36'),
(1, '2013-11-10 23:09:36'),
(1, '2013-11-10 23:09:36'),
(1, '2013-11-10 23:09:36'),
(1, '2013-11-10 23:09:36'),
(1, '2013-11-10 23:09:36'),
(1, '2013-11-10 23:09:36'),
(1, '2013-11-10 23:09:36'),
(1, '2013-11-10 23:09:36'),
(1, '2013-11-10 23:09:36'),
(1, '2013-11-10 23:09:36'),
(1, '2013-11-10 23:09:36'),
(1, '2013-11-10 23:09:36'),
(1, '2013-11-10 23:09:36'),
(1, '2013-11-10 23:09:36'),
(1, '2013-11-10 23:09:36'),
(1, '2013-11-10 23:09:36'),
(1, '2013-11-10 23:09:36'),
(1, '2013-11-10 23:09:36'),
(1, '2013-11-10 23:09:36'),
(1, '2013-11-10 23:09:36'),
(1, '2013-11-10 23:09:36'),
(1, '2013-11-10 23:09:36'),
(1, '2013-11-10 23:09:36'),
(1, '2013-11-10 23:09:36'),
(1, '2013-11-11 23:09:35'),
(1, '2013-11-11 23:09:35'),
(1, '2013-11-11 23:09:35'),
(1, '2013-11-11 23:09:35'),
(1, '2013-11-11 23:09:35'),
(1, '2013-11-11 23:09:35'),
(1, '2013-11-11 23:09:35'),
(1, '2013-11-11 23:09:35'),
(1, '2013-11-11 23:09:35'),
(1, '2013-11-11 23:09:35'),
(1, '2013-11-11 23:09:35'),
(1, '2013-11-11 23:09:35'),
(1, '2013-11-11 23:09:35'),
(1, '2013-11-11 23:09:35'),
(1, '2013-11-11 23:09:35'),
(1, '2013-11-11 23:09:35'),
(1, '2013-11-11 23:09:35'),
(1, '2013-11-11 23:09:35'),
(1, '2013-11-11 23:09:35'),
(1, '2013-11-11 23:09:35'),
(1, '2013-11-11 23:09:35'),
(1, '2013-11-11 23:09:35'),
(1, '2013-11-11 23:09:36'),
(1, '2013-11-11 23:09:36'),
(1, '2013-11-11 23:09:36'),
(1, '2013-11-11 23:09:36'),
(1, '2013-11-11 23:09:36'),
(1, '2013-11-11 23:09:36'),
(1, '2013-11-11 23:09:36'),
(1, '2013-11-11 23:09:36'),
(1, '2013-11-11 23:09:36'),
(1, '2013-11-11 23:09:36'),
(1, '2013-11-11 23:09:36'),
(1, '2013-11-11 23:09:36'),
(1, '2013-11-11 23:09:36'),
(1, '2013-11-11 23:09:36'),
(1, '2013-11-11 23:09:36'),
(1, '2013-11-11 23:09:36'),
(1, '2013-11-11 23:09:36'),
(1, '2013-11-11 23:09:36'),
(1, '2013-11-11 23:09:36'),
(1, '2013-11-11 23:09:36'),
(1, '2013-11-11 23:09:36'),
(1, '2013-11-11 23:09:36'),
(1, '2013-11-11 23:09:36'),
(1, '2013-11-11 23:09:36'),
(1, '2013-11-11 23:09:36'),
(1, '2013-11-11 23:09:36'),
(1, '2013-11-11 23:09:36'),
(1, '2013-11-11 23:09:36'),
(1, '2013-11-11 23:09:36'),
(1, '2013-11-11 23:09:36'),
(1, '2013-11-11 23:09:36'),
(1, '2013-11-11 23:09:36'),
(1, '2013-11-11 23:09:36'),
(1, '2013-11-11 23:09:36'),
(1, '2013-11-11 23:09:36'),
(1, '2013-11-11 23:09:36'),
(1, '2013-11-11 23:09:36'),
(1, '2013-11-11 23:09:36'),
(1, '2013-11-11 23:09:36'),
(1, '2013-11-11 23:09:36'),
(1, '2013-11-11 23:09:36'),
(1, '2013-11-11 23:09:36'),
(1, '2013-11-11 23:09:36'),
(1, '2013-11-11 23:09:36'),
(1, '2013-11-11 23:09:36'),
(1, '2013-11-11 23:09:36'),
(1, '2013-11-11 23:09:36'),
(1, '2013-11-11 23:09:36'),
(1, '2013-11-11 23:09:36'),
(1, '2013-11-11 23:09:36'),
(1, '2013-11-11 23:09:36'),
(1, '2013-11-11 23:09:36'),
(1, '2013-11-11 23:09:36'),
(1, '2013-11-11 23:09:36'),
(1, '2013-11-11 23:09:36'),
(1, '2013-11-11 23:09:36'),
(1, '2013-11-11 23:09:36'),
(1, '2013-11-11 23:09:36'),
(1, '2013-11-11 23:09:36'),
(1, '2013-11-11 23:09:36'),
(1, '2013-11-11 23:09:36'),
(1, '2013-11-11 23:09:36'),
(1, '2013-11-11 23:09:36'),
(1, '2013-11-11 23:09:36'),
(1, '2013-11-11 23:09:36'),
(1, '2013-11-11 23:09:36'),
(1, '2013-11-11 23:09:36'),
(1, '2013-11-11 23:09:36'),
(1, '2013-11-11 23:09:36'),
(1, '2013-11-11 23:09:36'),
(1, '2013-11-11 23:09:36'),
(1, '2013-11-11 23:09:36'),
(1, '2013-11-11 23:09:36'),
(1, '2013-11-11 23:09:36'),
(1, '2013-11-11 23:09:36'),
(1, '2013-11-11 23:09:36'),
(1, '2013-11-12 23:09:35'),
(1, '2013-11-12 23:09:35'),
(1, '2013-11-12 23:09:35'),
(1, '2013-11-12 23:09:35'),
(1, '2013-11-12 23:09:35'),
(1, '2013-11-12 23:09:35'),
(1, '2013-11-12 23:09:35'),
(1, '2013-11-12 23:09:35'),
(1, '2013-11-12 23:09:35'),
(1, '2013-11-12 23:09:35'),
(1, '2013-11-12 23:09:35'),
(1, '2013-11-12 23:09:35'),
(1, '2013-11-12 23:09:35'),
(1, '2013-11-12 23:09:35'),
(1, '2013-11-12 23:09:35'),
(1, '2013-11-12 23:09:35'),
(1, '2013-11-12 23:09:35'),
(1, '2013-11-12 23:09:35'),
(1, '2013-11-12 23:09:35'),
(1, '2013-11-12 23:09:35'),
(1, '2013-11-12 23:09:35'),
(1, '2013-11-12 23:09:35'),
(1, '2013-11-12 23:09:35'),
(1, '2013-11-12 23:09:35'),
(1, '2013-11-12 23:09:35'),
(1, '2013-11-12 23:09:35'),
(1, '2013-11-12 23:09:35'),
(1, '2013-11-12 23:09:35'),
(1, '2013-11-12 23:09:35'),
(1, '2013-11-12 23:09:35'),
(1, '2013-11-12 23:09:35'),
(1, '2013-11-12 23:09:35'),
(1, '2013-11-12 23:09:35'),
(1, '2013-11-12 23:09:35'),
(1, '2013-11-12 23:09:35'),
(1, '2013-11-12 23:09:35'),
(1, '2013-11-12 23:09:35'),
(1, '2013-11-12 23:09:35'),
(1, '2013-11-12 23:09:35'),
(1, '2013-11-12 23:09:35'),
(1, '2013-11-12 23:09:35'),
(1, '2013-11-12 23:09:35'),
(1, '2013-11-12 23:09:35'),
(1, '2013-11-12 23:09:35'),
(1, '2013-11-12 23:09:35'),
(1, '2013-11-12 23:09:35'),
(1, '2013-11-12 23:09:35'),
(1, '2013-11-12 23:09:36'),
(1, '2013-11-12 23:09:36'),
(1, '2013-11-12 23:09:36'),
(1, '2013-11-12 23:09:36'),
(1, '2013-11-12 23:09:36'),
(1, '2013-11-12 23:09:36'),
(1, '2013-11-12 23:09:36'),
(1, '2013-11-12 23:09:36'),
(1, '2013-11-12 23:09:36'),
(1, '2013-11-12 23:09:36'),
(1, '2013-11-12 23:09:36'),
(1, '2013-11-12 23:09:36'),
(1, '2013-11-12 23:09:36'),
(1, '2013-11-12 23:09:36'),
(1, '2013-11-12 23:09:36'),
(1, '2013-11-12 23:09:36'),
(1, '2013-11-12 23:09:36'),
(1, '2013-11-12 23:09:36'),
(1, '2013-11-12 23:09:36'),
(1, '2013-11-12 23:09:36'),
(1, '2013-11-12 23:09:36'),
(1, '2013-11-12 23:09:36'),
(1, '2013-11-12 23:09:36'),
(1, '2013-11-12 23:09:36'),
(1, '2013-11-12 23:09:36'),
(1, '2013-11-12 23:09:36'),
(1, '2013-11-12 23:09:36'),
(1, '2013-11-12 23:09:36'),
(1, '2013-11-12 23:09:36'),
(1, '2013-11-12 23:09:36'),
(1, '2013-11-12 23:09:36'),
(1, '2013-11-12 23:09:36'),
(1, '2013-11-12 23:09:36'),
(1, '2013-11-12 23:09:36'),
(1, '2013-11-12 23:09:36'),
(1, '2013-11-12 23:09:36'),
(1, '2013-11-12 23:09:36'),
(1, '2013-11-12 23:09:36'),
(1, '2013-11-12 23:09:36'),
(1, '2013-11-12 23:09:36'),
(1, '2013-11-12 23:09:36'),
(1, '2013-11-12 23:09:36'),
(1, '2013-11-12 23:09:36'),
(1, '2013-11-12 23:09:36'),
(1, '2013-11-12 23:09:36'),
(1, '2013-11-12 23:09:36'),
(1, '2013-11-12 23:09:36'),
(1, '2013-11-12 23:09:36'),
(1, '2013-11-12 23:09:36'),
(1, '2013-11-12 23:09:36'),
(1, '2013-11-12 23:09:36'),
(1, '2013-11-12 23:09:36'),
(1, '2013-11-12 23:09:36'),
(1, '2013-11-13 23:09:35'),
(1, '2013-11-13 23:09:35'),
(1, '2013-11-13 23:09:35'),
(1, '2013-11-13 23:09:35'),
(1, '2013-11-13 23:09:35'),
(1, '2013-11-13 23:09:35'),
(1, '2013-11-13 23:09:35'),
(1, '2013-11-13 23:09:35'),
(1, '2013-11-13 23:09:35'),
(1, '2013-11-13 23:09:35'),
(1, '2013-11-13 23:09:35'),
(1, '2013-11-13 23:09:35'),
(1, '2013-11-13 23:09:35'),
(1, '2013-11-13 23:09:35'),
(1, '2013-11-13 23:09:35'),
(1, '2013-11-13 23:09:35'),
(1, '2013-11-13 23:09:35'),
(1, '2013-11-13 23:09:35'),
(1, '2013-11-13 23:09:35'),
(1, '2013-11-13 23:09:35'),
(1, '2013-11-13 23:09:35'),
(1, '2013-11-13 23:09:35'),
(1, '2013-11-13 23:09:35'),
(1, '2013-11-13 23:09:35'),
(1, '2013-11-13 23:09:35'),
(1, '2013-11-13 23:09:35'),
(1, '2013-11-13 23:09:35'),
(1, '2013-11-13 23:09:35'),
(1, '2013-11-13 23:09:35'),
(1, '2013-11-13 23:09:35'),
(1, '2013-11-13 23:09:35'),
(1, '2013-11-13 23:09:35'),
(1, '2013-11-13 23:09:35'),
(1, '2013-11-13 23:09:35'),
(1, '2013-11-13 23:09:35'),
(1, '2013-11-13 23:09:35'),
(1, '2013-11-13 23:09:35'),
(1, '2013-11-13 23:09:35'),
(1, '2013-11-13 23:09:35'),
(1, '2013-11-13 23:09:35'),
(1, '2013-11-13 23:09:36'),
(1, '2013-11-13 23:09:36'),
(1, '2013-11-13 23:09:36'),
(1, '2013-11-13 23:09:36'),
(1, '2013-11-13 23:09:36'),
(1, '2013-11-13 23:09:36'),
(1, '2013-11-13 23:09:36'),
(1, '2013-11-13 23:09:36'),
(1, '2013-11-13 23:09:36'),
(1, '2013-11-13 23:09:36'),
(1, '2013-11-13 23:09:36'),
(1, '2013-11-13 23:09:36'),
(1, '2013-11-13 23:09:36'),
(1, '2013-11-13 23:09:36'),
(1, '2013-11-13 23:09:36'),
(1, '2013-11-13 23:09:36'),
(1, '2013-11-13 23:09:36'),
(1, '2013-11-13 23:09:36'),
(1, '2013-11-13 23:09:36'),
(1, '2013-11-13 23:09:36'),
(1, '2013-11-13 23:09:36'),
(1, '2013-11-13 23:09:36'),
(1, '2013-11-13 23:09:36'),
(1, '2013-11-13 23:09:36'),
(1, '2013-11-13 23:09:36'),
(1, '2013-11-13 23:09:36'),
(1, '2013-11-13 23:09:36'),
(1, '2013-11-13 23:09:36'),
(1, '2013-11-13 23:09:36'),
(1, '2013-11-13 23:09:36'),
(1, '2013-11-13 23:09:36'),
(1, '2013-11-13 23:09:36'),
(1, '2013-11-13 23:09:36'),
(1, '2013-11-13 23:09:36'),
(1, '2013-11-13 23:09:36'),
(1, '2013-11-13 23:09:36'),
(1, '2013-11-13 23:09:36'),
(1, '2013-11-13 23:09:36'),
(1, '2013-11-13 23:09:36'),
(1, '2013-11-13 23:09:36'),
(1, '2013-11-13 23:09:36'),
(1, '2013-11-13 23:09:36'),
(1, '2013-11-13 23:09:36'),
(1, '2013-11-13 23:09:36'),
(1, '2013-11-13 23:09:36'),
(1, '2013-11-13 23:09:36'),
(1, '2013-11-13 23:09:36'),
(1, '2013-11-13 23:09:36'),
(1, '2013-11-13 23:09:36'),
(1, '2013-11-13 23:09:36'),
(1, '2013-11-13 23:09:36'),
(1, '2013-11-13 23:09:36'),
(1, '2013-11-14 23:09:35'),
(1, '2013-11-14 23:09:35'),
(1, '2013-11-14 23:09:35'),
(1, '2013-11-14 23:09:35'),
(1, '2013-11-14 23:09:35'),
(1, '2013-11-14 23:09:35'),
(1, '2013-11-14 23:09:35'),
(1, '2013-11-14 23:09:35'),
(1, '2013-11-14 23:09:35'),
(1, '2013-11-14 23:09:35'),
(1, '2013-11-14 23:09:35'),
(1, '2013-11-14 23:09:35'),
(1, '2013-11-14 23:09:35'),
(1, '2013-11-14 23:09:35'),
(1, '2013-11-14 23:09:35'),
(1, '2013-11-14 23:09:35'),
(1, '2013-11-14 23:09:35'),
(1, '2013-11-14 23:09:35'),
(1, '2013-11-14 23:09:35'),
(1, '2013-11-14 23:09:35'),
(1, '2013-11-14 23:09:35'),
(1, '2013-11-14 23:09:36'),
(1, '2013-11-14 23:09:36'),
(1, '2013-11-14 23:09:36'),
(1, '2013-11-14 23:09:36'),
(1, '2013-11-14 23:09:36'),
(1, '2013-11-14 23:09:36'),
(1, '2013-11-14 23:09:36'),
(1, '2013-11-14 23:09:36'),
(1, '2013-11-14 23:09:36'),
(1, '2013-11-14 23:09:36'),
(1, '2013-11-14 23:09:36'),
(1, '2013-11-14 23:09:36'),
(1, '2013-11-14 23:09:36'),
(1, '2013-11-14 23:09:36'),
(1, '2013-11-14 23:09:36'),
(1, '2013-11-14 23:09:36'),
(1, '2013-11-14 23:09:36'),
(1, '2013-11-14 23:09:36'),
(1, '2013-11-14 23:09:36'),
(1, '2013-11-14 23:09:36'),
(1, '2013-11-14 23:09:36'),
(1, '2013-11-14 23:09:36'),
(1, '2013-11-14 23:09:36'),
(1, '2013-11-14 23:09:36'),
(1, '2013-11-14 23:09:36'),
(1, '2013-11-14 23:09:36'),
(1, '2013-11-14 23:09:36'),
(1, '2013-11-14 23:09:36'),
(1, '2013-11-14 23:09:36'),
(1, '2013-11-14 23:09:36'),
(1, '2013-11-14 23:09:36'),
(1, '2013-11-14 23:09:36'),
(1, '2013-11-14 23:09:36'),
(1, '2013-11-14 23:09:36'),
(1, '2013-11-14 23:09:36'),
(1, '2013-11-14 23:09:36'),
(1, '2013-11-14 23:09:36'),
(1, '2013-11-14 23:09:36'),
(1, '2013-11-14 23:09:36'),
(1, '2013-11-14 23:09:36'),
(1, '2013-11-14 23:09:36'),
(1, '2013-11-14 23:09:36'),
(1, '2013-11-14 23:09:36'),
(1, '2013-11-14 23:09:36'),
(1, '2013-11-14 23:09:36'),
(1, '2013-11-14 23:09:36'),
(1, '2013-11-14 23:09:36'),
(1, '2013-11-14 23:09:36'),
(1, '2013-11-14 23:09:36'),
(1, '2013-11-14 23:09:36'),
(1, '2013-11-14 23:09:36'),
(1, '2013-11-14 23:09:36'),
(1, '2013-11-14 23:09:36'),
(1, '2013-11-14 23:09:36'),
(1, '2013-11-14 23:09:36'),
(1, '2013-11-14 23:09:36'),
(1, '2013-11-14 23:09:36'),
(1, '2013-11-15 23:09:35'),
(1, '2013-11-15 23:09:35'),
(1, '2013-11-15 23:09:35'),
(1, '2013-11-15 23:09:35'),
(1, '2013-11-15 23:09:35'),
(1, '2013-11-15 23:09:35'),
(1, '2013-11-15 23:09:35'),
(1, '2013-11-15 23:09:35'),
(1, '2013-11-15 23:09:35'),
(1, '2013-11-15 23:09:35'),
(1, '2013-11-15 23:09:35'),
(1, '2013-11-15 23:09:35'),
(1, '2013-11-15 23:09:35'),
(1, '2013-11-15 23:09:35'),
(1, '2013-11-15 23:09:35'),
(1, '2013-11-15 23:09:35'),
(1, '2013-11-15 23:09:35'),
(1, '2013-11-15 23:09:35'),
(1, '2013-11-15 23:09:35'),
(1, '2013-11-15 23:09:35'),
(1, '2013-11-15 23:09:35'),
(1, '2013-11-15 23:09:35'),
(1, '2013-11-15 23:09:35'),
(1, '2013-11-15 23:09:35'),
(1, '2013-11-15 23:09:35'),
(1, '2013-11-15 23:09:35'),
(1, '2013-11-15 23:09:35'),
(1, '2013-11-15 23:09:35'),
(1, '2013-11-15 23:09:35'),
(1, '2013-11-15 23:09:35'),
(1, '2013-11-15 23:09:35'),
(1, '2013-11-15 23:09:35'),
(1, '2013-11-15 23:09:35'),
(1, '2013-11-15 23:09:36'),
(1, '2013-11-15 23:09:36'),
(1, '2013-11-15 23:09:36'),
(1, '2013-11-15 23:09:36'),
(1, '2013-11-15 23:09:36'),
(1, '2013-11-15 23:09:36'),
(1, '2013-11-15 23:09:36'),
(1, '2013-11-15 23:09:36'),
(1, '2013-11-15 23:09:36'),
(1, '2013-11-15 23:09:36'),
(1, '2013-11-15 23:09:36'),
(1, '2013-11-15 23:09:36'),
(1, '2013-11-15 23:09:36'),
(1, '2013-11-15 23:09:36'),
(1, '2013-11-15 23:09:36'),
(1, '2013-11-15 23:09:36'),
(1, '2013-11-15 23:09:36'),
(1, '2013-11-15 23:09:36'),
(1, '2013-11-15 23:09:36'),
(1, '2013-11-15 23:09:36'),
(1, '2013-11-15 23:09:36'),
(1, '2013-11-15 23:09:36'),
(1, '2013-11-15 23:09:36'),
(1, '2013-11-15 23:09:36'),
(1, '2013-11-15 23:09:36'),
(1, '2013-11-15 23:09:36'),
(1, '2013-11-15 23:09:36'),
(1, '2013-11-15 23:09:36'),
(1, '2013-11-15 23:09:36'),
(1, '2013-11-15 23:09:36'),
(1, '2013-11-15 23:09:36'),
(1, '2013-11-15 23:09:36'),
(1, '2013-11-15 23:09:36'),
(1, '2013-11-15 23:09:36'),
(1, '2013-11-15 23:09:36'),
(1, '2013-11-15 23:09:36'),
(1, '2013-11-15 23:09:36'),
(1, '2013-11-15 23:09:36'),
(1, '2013-11-15 23:09:36'),
(1, '2013-11-15 23:09:36'),
(1, '2013-11-15 23:09:36'),
(1, '2013-11-15 23:09:36'),
(1, '2013-11-15 23:09:36'),
(1, '2013-11-15 23:09:36'),
(1, '2013-11-15 23:09:36'),
(1, '2013-11-15 23:09:36'),
(1, '2013-11-15 23:09:36'),
(1, '2013-11-15 23:09:36'),
(1, '2013-11-15 23:09:36'),
(1, '2013-11-15 23:09:36'),
(1, '2013-11-15 23:09:36'),
(1, '2013-11-15 23:09:36'),
(1, '2013-11-15 23:09:36'),
(1, '2013-11-15 23:09:36'),
(1, '2013-11-15 23:09:36'),
(1, '2013-11-15 23:09:36'),
(1, '2013-11-15 23:09:36');
INSERT INTO `downloads` (`application_id`, `created`) VALUES
(1, '2013-11-15 23:09:36'),
(1, '2013-11-15 23:09:36'),
(1, '2013-11-15 23:09:36'),
(1, '2013-11-15 23:09:36'),
(1, '2013-11-15 23:09:36'),
(1, '2013-11-15 23:09:36'),
(1, '2013-11-15 23:09:36'),
(1, '2013-11-15 23:09:36'),
(1, '2013-11-15 23:09:36'),
(1, '2013-11-15 23:09:36'),
(1, '2013-11-15 23:09:36'),
(1, '2013-11-15 23:09:36'),
(1, '2013-11-15 23:09:36'),
(1, '2013-11-15 23:09:36'),
(1, '2013-11-15 23:09:36'),
(1, '2013-11-15 23:09:36'),
(1, '2013-11-15 23:09:36'),
(1, '2013-11-15 23:09:36'),
(1, '2013-11-16 23:09:35'),
(1, '2013-11-16 23:09:35'),
(1, '2013-11-16 23:09:35'),
(1, '2013-11-16 23:09:35'),
(1, '2013-11-16 23:09:35'),
(1, '2013-11-16 23:09:35'),
(1, '2013-11-16 23:09:35'),
(1, '2013-11-16 23:09:35'),
(1, '2013-11-16 23:09:35'),
(1, '2013-11-16 23:09:35'),
(1, '2013-11-16 23:09:35'),
(1, '2013-11-16 23:09:35'),
(1, '2013-11-16 23:09:35'),
(1, '2013-11-16 23:09:35'),
(1, '2013-11-16 23:09:35'),
(1, '2013-11-16 23:09:35'),
(1, '2013-11-16 23:09:35'),
(1, '2013-11-16 23:09:35'),
(1, '2013-11-16 23:09:35'),
(1, '2013-11-16 23:09:36'),
(1, '2013-11-16 23:09:36'),
(1, '2013-11-16 23:09:36'),
(1, '2013-11-16 23:09:36'),
(1, '2013-11-16 23:09:36'),
(1, '2013-11-16 23:09:36'),
(1, '2013-11-16 23:09:36'),
(1, '2013-11-16 23:09:36'),
(1, '2013-11-16 23:09:36'),
(1, '2013-11-16 23:09:36'),
(1, '2013-11-16 23:09:36'),
(1, '2013-11-16 23:09:36'),
(1, '2013-11-16 23:09:36'),
(1, '2013-11-16 23:09:36'),
(1, '2013-11-16 23:09:36'),
(1, '2013-11-16 23:09:36'),
(1, '2013-11-16 23:09:36'),
(1, '2013-11-16 23:09:36'),
(1, '2013-11-16 23:09:36'),
(1, '2013-11-16 23:09:36'),
(1, '2013-11-16 23:09:36'),
(1, '2013-11-16 23:09:36'),
(1, '2013-11-16 23:09:36'),
(1, '2013-11-16 23:09:36'),
(1, '2013-11-16 23:09:36'),
(1, '2013-11-16 23:09:36'),
(1, '2013-11-16 23:09:36'),
(1, '2013-11-16 23:09:36'),
(1, '2013-11-16 23:09:36'),
(1, '2013-11-16 23:09:36'),
(1, '2013-11-16 23:09:36'),
(1, '2013-11-16 23:09:36'),
(1, '2013-11-16 23:09:36'),
(1, '2013-11-16 23:09:36'),
(1, '2013-11-16 23:09:36'),
(1, '2013-11-16 23:09:36'),
(1, '2013-11-16 23:09:36'),
(1, '2013-11-16 23:09:36'),
(1, '2013-11-16 23:09:36'),
(1, '2013-11-16 23:09:36'),
(1, '2013-11-16 23:09:36'),
(1, '2013-11-16 23:09:36'),
(1, '2013-11-16 23:09:36'),
(1, '2013-11-16 23:09:36'),
(1, '2013-11-16 23:09:36'),
(1, '2013-11-16 23:09:36'),
(1, '2013-11-16 23:09:36'),
(1, '2013-11-16 23:09:36'),
(1, '2013-11-16 23:09:36'),
(1, '2013-11-16 23:09:36'),
(1, '2013-11-16 23:09:36'),
(1, '2013-11-16 23:09:36'),
(1, '2013-11-16 23:09:36'),
(1, '2013-11-16 23:09:36'),
(1, '2013-11-16 23:09:36'),
(1, '2013-11-16 23:09:36'),
(1, '2013-11-16 23:09:36'),
(1, '2013-11-16 23:09:36'),
(1, '2013-11-16 23:09:36'),
(1, '2013-11-16 23:09:36'),
(1, '2013-11-16 23:09:36'),
(1, '2013-11-17 23:09:35'),
(1, '2013-11-17 23:09:35'),
(1, '2013-11-17 23:09:35'),
(1, '2013-11-17 23:09:35'),
(1, '2013-11-17 23:09:35'),
(1, '2013-11-17 23:09:35'),
(1, '2013-11-17 23:09:35'),
(1, '2013-11-17 23:09:35'),
(1, '2013-11-17 23:09:35'),
(1, '2013-11-17 23:09:35'),
(1, '2013-11-17 23:09:35'),
(1, '2013-11-17 23:09:35'),
(1, '2013-11-17 23:09:35'),
(1, '2013-11-17 23:09:35'),
(1, '2013-11-17 23:09:35'),
(1, '2013-11-17 23:09:35'),
(1, '2013-11-17 23:09:35'),
(1, '2013-11-17 23:09:35'),
(1, '2013-11-17 23:09:35'),
(1, '2013-11-17 23:09:35'),
(1, '2013-11-17 23:09:35'),
(1, '2013-11-17 23:09:36'),
(1, '2013-11-17 23:09:36'),
(1, '2013-11-17 23:09:36'),
(1, '2013-11-17 23:09:36'),
(1, '2013-11-17 23:09:36'),
(1, '2013-11-17 23:09:36'),
(1, '2013-11-17 23:09:36'),
(1, '2013-11-17 23:09:36'),
(1, '2013-11-17 23:09:36'),
(1, '2013-11-17 23:09:36'),
(1, '2013-11-17 23:09:36'),
(1, '2013-11-17 23:09:36'),
(1, '2013-11-17 23:09:36'),
(1, '2013-11-17 23:09:36'),
(1, '2013-11-17 23:09:36'),
(1, '2013-11-17 23:09:36'),
(1, '2013-11-17 23:09:36'),
(1, '2013-11-17 23:09:36'),
(1, '2013-11-17 23:09:36'),
(1, '2013-11-17 23:09:36'),
(1, '2013-11-17 23:09:36'),
(1, '2013-11-17 23:09:36'),
(1, '2013-11-17 23:09:36'),
(1, '2013-11-17 23:09:36'),
(1, '2013-11-17 23:09:36'),
(1, '2013-11-17 23:09:36'),
(1, '2013-11-17 23:09:36'),
(1, '2013-11-17 23:09:36'),
(1, '2013-11-17 23:09:36'),
(1, '2013-11-17 23:09:36'),
(1, '2013-11-17 23:09:36'),
(1, '2013-11-17 23:09:36'),
(1, '2013-11-17 23:09:36'),
(1, '2013-11-17 23:09:36'),
(1, '2013-11-17 23:09:36'),
(1, '2013-11-17 23:09:36'),
(1, '2013-11-17 23:09:36'),
(1, '2013-11-17 23:09:36'),
(1, '2013-11-17 23:09:36'),
(1, '2013-11-17 23:09:36'),
(1, '2013-11-17 23:09:36'),
(1, '2013-11-17 23:09:36'),
(1, '2013-11-17 23:09:36'),
(1, '2013-11-17 23:09:36'),
(1, '2013-11-17 23:09:36'),
(1, '2013-11-17 23:09:36'),
(1, '2013-11-17 23:09:36'),
(1, '2013-11-17 23:09:36'),
(1, '2013-11-17 23:09:36'),
(1, '2013-11-17 23:09:36'),
(1, '2013-11-17 23:09:36'),
(1, '2013-11-17 23:09:36'),
(1, '2013-11-17 23:09:36'),
(1, '2013-11-17 23:09:36'),
(1, '2013-11-17 23:09:36'),
(1, '2013-11-17 23:09:36'),
(1, '2013-11-17 23:09:36'),
(1, '2013-11-17 23:09:36'),
(1, '2013-11-17 23:09:36'),
(1, '2013-11-17 23:09:36'),
(1, '2013-11-17 23:09:36'),
(1, '2013-11-17 23:09:36'),
(1, '2013-11-18 23:09:35'),
(1, '2013-11-18 23:09:35'),
(1, '2013-11-18 23:09:35'),
(1, '2013-11-18 23:09:35'),
(1, '2013-11-18 23:09:35'),
(1, '2013-11-18 23:09:35'),
(1, '2013-11-18 23:09:35'),
(1, '2013-11-18 23:09:35'),
(1, '2013-11-18 23:09:35'),
(1, '2013-11-18 23:09:35'),
(1, '2013-11-18 23:09:35'),
(1, '2013-11-18 23:09:35'),
(1, '2013-11-18 23:09:35'),
(1, '2013-11-18 23:09:35'),
(1, '2013-11-18 23:09:35'),
(1, '2013-11-18 23:09:35'),
(1, '2013-11-18 23:09:35'),
(1, '2013-11-18 23:09:36'),
(1, '2013-11-18 23:09:36'),
(1, '2013-11-18 23:09:36'),
(1, '2013-11-18 23:09:36'),
(1, '2013-11-18 23:09:36'),
(1, '2013-11-18 23:09:36'),
(1, '2013-11-18 23:09:36'),
(1, '2013-11-18 23:09:36'),
(1, '2013-11-18 23:09:36'),
(1, '2013-11-18 23:09:36'),
(1, '2013-11-18 23:09:36'),
(1, '2013-11-18 23:09:36'),
(1, '2013-11-18 23:09:36'),
(1, '2013-11-18 23:09:36'),
(1, '2013-11-18 23:09:36'),
(1, '2013-11-18 23:09:36'),
(1, '2013-11-18 23:09:36'),
(1, '2013-11-18 23:09:36'),
(1, '2013-11-18 23:09:36'),
(1, '2013-11-18 23:09:36'),
(1, '2013-11-18 23:09:36'),
(1, '2013-11-18 23:09:36'),
(1, '2013-11-18 23:09:36'),
(1, '2013-11-18 23:09:36'),
(1, '2013-11-18 23:09:36'),
(1, '2013-11-18 23:09:36'),
(1, '2013-11-18 23:09:36'),
(1, '2013-11-18 23:09:36'),
(1, '2013-11-18 23:09:36'),
(1, '2013-11-18 23:09:36'),
(1, '2013-11-18 23:09:36'),
(1, '2013-11-18 23:09:36'),
(1, '2013-11-18 23:09:36'),
(1, '2013-11-18 23:09:36'),
(1, '2013-11-18 23:09:36'),
(1, '2013-11-18 23:09:36'),
(1, '2013-11-18 23:09:36'),
(1, '2013-11-18 23:09:36'),
(1, '2013-11-18 23:09:36'),
(1, '2013-11-18 23:09:36'),
(1, '2013-11-18 23:09:36'),
(1, '2013-11-18 23:09:36'),
(1, '2013-11-18 23:09:36'),
(1, '2013-11-18 23:09:36'),
(1, '2013-11-18 23:09:36'),
(1, '2013-11-18 23:09:36'),
(1, '2013-11-18 23:09:36'),
(1, '2013-11-18 23:09:36'),
(1, '2013-11-18 23:09:36'),
(1, '2013-11-18 23:09:36'),
(1, '2013-11-18 23:09:36'),
(1, '2013-11-18 23:09:36'),
(1, '2013-11-18 23:09:36'),
(1, '2013-11-18 23:09:36'),
(1, '2013-11-18 23:09:36'),
(1, '2013-11-18 23:09:36'),
(1, '2013-11-18 23:09:36'),
(1, '2013-11-18 23:09:36'),
(1, '2013-11-18 23:09:36'),
(1, '2013-11-18 23:09:36'),
(1, '2013-11-18 23:09:36'),
(1, '2013-11-18 23:09:36'),
(1, '2013-11-18 23:09:36'),
(1, '2013-11-18 23:09:36'),
(1, '2013-11-18 23:09:36'),
(1, '2013-11-18 23:09:36'),
(1, '2013-11-18 23:09:36'),
(1, '2013-11-18 23:09:36'),
(1, '2013-11-18 23:09:36'),
(1, '2013-11-18 23:09:36'),
(1, '2013-11-18 23:09:36'),
(1, '2013-11-18 23:09:36'),
(1, '2013-11-18 23:09:36'),
(1, '2013-11-18 23:09:36'),
(1, '2013-11-18 23:09:36'),
(1, '2013-11-19 23:09:35'),
(1, '2013-11-19 23:09:35'),
(1, '2013-11-19 23:09:35'),
(1, '2013-11-19 23:09:35'),
(1, '2013-11-19 23:09:35'),
(1, '2013-11-19 23:09:35'),
(1, '2013-11-19 23:09:35'),
(1, '2013-11-19 23:09:35'),
(1, '2013-11-19 23:09:35'),
(1, '2013-11-19 23:09:35'),
(1, '2013-11-19 23:09:35'),
(1, '2013-11-19 23:09:35'),
(1, '2013-11-19 23:09:35'),
(1, '2013-11-19 23:09:35'),
(1, '2013-11-19 23:09:35'),
(1, '2013-11-19 23:09:35'),
(1, '2013-11-19 23:09:35'),
(1, '2013-11-19 23:09:35'),
(1, '2013-11-19 23:09:35'),
(1, '2013-11-19 23:09:35'),
(1, '2013-11-19 23:09:35'),
(1, '2013-11-19 23:09:35'),
(1, '2013-11-19 23:09:35'),
(1, '2013-11-19 23:09:35'),
(1, '2013-11-19 23:09:35'),
(1, '2013-11-19 23:09:35'),
(1, '2013-11-19 23:09:35'),
(1, '2013-11-19 23:09:35'),
(1, '2013-11-19 23:09:35'),
(1, '2013-11-19 23:09:35'),
(1, '2013-11-19 23:09:35'),
(1, '2013-11-19 23:09:35'),
(1, '2013-11-19 23:09:35'),
(1, '2013-11-19 23:09:35'),
(1, '2013-11-19 23:09:35'),
(1, '2013-11-19 23:09:35'),
(1, '2013-11-19 23:09:35'),
(1, '2013-11-19 23:09:35'),
(1, '2013-11-19 23:09:35'),
(1, '2013-11-19 23:09:36'),
(1, '2013-11-19 23:09:36'),
(1, '2013-11-19 23:09:36'),
(1, '2013-11-19 23:09:36'),
(1, '2013-11-19 23:09:36'),
(1, '2013-11-19 23:09:36'),
(1, '2013-11-19 23:09:36'),
(1, '2013-11-19 23:09:36'),
(1, '2013-11-19 23:09:36'),
(1, '2013-11-19 23:09:36'),
(1, '2013-11-19 23:09:36'),
(1, '2013-11-19 23:09:36'),
(1, '2013-11-19 23:09:36'),
(1, '2013-11-19 23:09:36'),
(1, '2013-11-19 23:09:36'),
(1, '2013-11-19 23:09:36'),
(1, '2013-11-19 23:09:36'),
(1, '2013-11-19 23:09:36'),
(1, '2013-11-19 23:09:36'),
(1, '2013-11-19 23:09:36'),
(1, '2013-11-19 23:09:36'),
(1, '2013-11-19 23:09:36'),
(1, '2013-11-19 23:09:36'),
(1, '2013-11-19 23:09:36'),
(1, '2013-11-19 23:09:36'),
(1, '2013-11-19 23:09:36'),
(1, '2013-11-19 23:09:36'),
(1, '2013-11-19 23:09:36'),
(1, '2013-11-19 23:09:36'),
(1, '2013-11-19 23:09:36'),
(1, '2013-11-19 23:09:36'),
(1, '2013-11-19 23:09:36'),
(1, '2013-11-19 23:09:36'),
(1, '2013-11-19 23:09:36'),
(1, '2013-11-19 23:09:36'),
(1, '2013-11-19 23:09:36'),
(1, '2013-11-19 23:09:36'),
(1, '2013-11-19 23:09:36'),
(1, '2013-11-19 23:09:36'),
(1, '2013-11-19 23:09:36'),
(1, '2013-11-19 23:09:36'),
(1, '2013-11-19 23:09:36'),
(1, '2013-11-19 23:09:36'),
(1, '2013-11-19 23:09:36'),
(1, '2013-11-19 23:09:36'),
(1, '2013-11-19 23:09:36'),
(1, '2013-11-19 23:09:36'),
(1, '2013-11-19 23:09:36'),
(1, '2013-11-19 23:09:36'),
(1, '2013-11-19 23:09:36'),
(1, '2013-11-19 23:09:36'),
(1, '2013-11-19 23:09:36'),
(1, '2013-11-19 23:09:36'),
(1, '2013-11-19 23:09:36'),
(1, '2013-11-19 23:09:36'),
(1, '2013-11-19 23:09:36'),
(1, '2013-11-19 23:09:36'),
(1, '2013-11-19 23:09:36'),
(1, '2013-11-19 23:09:36'),
(1, '2013-11-19 23:09:36'),
(1, '2013-11-19 23:09:36'),
(1, '2013-11-20 23:09:35'),
(1, '2013-11-20 23:09:35'),
(1, '2013-11-20 23:09:35'),
(1, '2013-11-20 23:09:35'),
(1, '2013-11-20 23:09:35'),
(1, '2013-11-20 23:09:35'),
(1, '2013-11-20 23:09:35'),
(1, '2013-11-20 23:09:35'),
(1, '2013-11-20 23:09:35'),
(1, '2013-11-20 23:09:35'),
(1, '2013-11-20 23:09:35'),
(1, '2013-11-20 23:09:35'),
(1, '2013-11-20 23:09:35'),
(1, '2013-11-20 23:09:35'),
(1, '2013-11-20 23:09:35'),
(1, '2013-11-20 23:09:35'),
(1, '2013-11-20 23:09:35'),
(1, '2013-11-20 23:09:35'),
(1, '2013-11-20 23:09:35'),
(1, '2013-11-20 23:09:35'),
(1, '2013-11-20 23:09:35'),
(1, '2013-11-20 23:09:35'),
(1, '2013-11-20 23:09:35'),
(1, '2013-11-20 23:09:35'),
(1, '2013-11-20 23:09:35'),
(1, '2013-11-20 23:09:35'),
(1, '2013-11-20 23:09:35'),
(1, '2013-11-20 23:09:35'),
(1, '2013-11-20 23:09:35'),
(1, '2013-11-20 23:09:35'),
(1, '2013-11-20 23:09:35'),
(1, '2013-11-20 23:09:35'),
(1, '2013-11-20 23:09:35'),
(1, '2013-11-20 23:09:35'),
(1, '2013-11-20 23:09:35'),
(1, '2013-11-20 23:09:35'),
(1, '2013-11-20 23:09:35'),
(1, '2013-11-20 23:09:35'),
(1, '2013-11-20 23:09:35'),
(1, '2013-11-20 23:09:35'),
(1, '2013-11-20 23:09:35'),
(1, '2013-11-20 23:09:35'),
(1, '2013-11-20 23:09:35'),
(1, '2013-11-20 23:09:35'),
(1, '2013-11-20 23:09:35'),
(1, '2013-11-20 23:09:35'),
(1, '2013-11-20 23:09:36'),
(1, '2013-11-20 23:09:36'),
(1, '2013-11-20 23:09:36'),
(1, '2013-11-20 23:09:36'),
(1, '2013-11-20 23:09:36'),
(1, '2013-11-20 23:09:36'),
(1, '2013-11-20 23:09:36'),
(1, '2013-11-20 23:09:36'),
(1, '2013-11-20 23:09:36'),
(1, '2013-11-20 23:09:36'),
(1, '2013-11-20 23:09:36'),
(1, '2013-11-20 23:09:36'),
(1, '2013-11-20 23:09:36'),
(1, '2013-11-20 23:09:36'),
(1, '2013-11-20 23:09:36'),
(1, '2013-11-20 23:09:36'),
(1, '2013-11-20 23:09:36'),
(1, '2013-11-20 23:09:36'),
(1, '2013-11-20 23:09:36'),
(1, '2013-11-20 23:09:36'),
(1, '2013-11-20 23:09:36'),
(1, '2013-11-20 23:09:36'),
(1, '2013-11-20 23:09:36'),
(1, '2013-11-20 23:09:36'),
(1, '2013-11-20 23:09:36'),
(1, '2013-11-20 23:09:36'),
(1, '2013-11-20 23:09:36'),
(1, '2013-11-20 23:09:36'),
(1, '2013-11-20 23:09:36'),
(1, '2013-11-20 23:09:36'),
(1, '2013-11-20 23:09:36'),
(1, '2013-11-20 23:09:36'),
(1, '2013-11-20 23:09:36'),
(1, '2013-11-20 23:09:36'),
(1, '2013-11-20 23:09:36'),
(1, '2013-11-20 23:09:36'),
(1, '2013-11-20 23:09:36'),
(1, '2013-11-20 23:09:36'),
(1, '2013-11-20 23:09:36'),
(1, '2013-11-20 23:09:36'),
(1, '2013-11-20 23:09:36'),
(1, '2013-11-20 23:09:36'),
(1, '2013-11-20 23:09:36'),
(1, '2013-11-20 23:09:36'),
(1, '2013-11-20 23:09:36'),
(1, '2013-11-20 23:09:36'),
(1, '2013-11-20 23:09:36'),
(1, '2013-11-20 23:09:36'),
(1, '2013-11-20 23:09:36'),
(1, '2013-11-20 23:09:36'),
(1, '2013-11-20 23:09:36'),
(1, '2013-11-20 23:09:36'),
(29, '2013-10-27 23:09:27'),
(29, '2013-10-27 23:09:27'),
(29, '2013-10-27 23:09:27'),
(29, '2013-10-27 23:09:27'),
(29, '2013-10-27 23:09:27'),
(29, '2013-10-27 23:09:27'),
(29, '2013-10-27 23:09:27'),
(29, '2013-10-27 23:09:27'),
(29, '2013-10-27 23:09:27'),
(29, '2013-10-27 23:09:27'),
(29, '2013-10-27 23:09:27'),
(29, '2013-10-27 23:09:27'),
(29, '2013-10-27 23:09:27'),
(29, '2013-10-27 23:09:27'),
(29, '2013-10-27 23:09:27'),
(29, '2013-10-27 23:09:27'),
(29, '2013-10-27 23:09:27'),
(29, '2013-10-27 23:09:27'),
(29, '2013-10-27 23:09:28'),
(29, '2013-10-27 23:09:28'),
(29, '2013-10-27 23:09:28'),
(29, '2013-10-27 23:09:28'),
(29, '2013-10-27 23:09:28'),
(29, '2013-10-27 23:09:28'),
(29, '2013-10-27 23:09:28'),
(29, '2013-10-27 23:09:28'),
(29, '2013-10-27 23:09:28'),
(29, '2013-10-27 23:09:28'),
(29, '2013-10-27 23:09:28'),
(29, '2013-10-27 23:09:28'),
(29, '2013-10-27 23:09:28'),
(29, '2013-10-27 23:09:28'),
(29, '2013-10-27 23:09:28'),
(29, '2013-10-27 23:09:28'),
(29, '2013-10-27 23:09:28'),
(29, '2013-10-27 23:09:28'),
(29, '2013-10-27 23:09:28'),
(29, '2013-10-27 23:09:28'),
(29, '2013-10-27 23:09:28'),
(29, '2013-10-27 23:09:28'),
(29, '2013-10-27 23:09:28'),
(29, '2013-10-27 23:09:28'),
(29, '2013-10-27 23:09:28'),
(29, '2013-10-27 23:09:28'),
(29, '2013-10-27 23:09:28'),
(29, '2013-10-27 23:09:28'),
(29, '2013-10-27 23:09:28'),
(29, '2013-10-27 23:09:28'),
(29, '2013-10-27 23:09:28'),
(29, '2013-10-27 23:09:28'),
(29, '2013-10-27 23:09:28'),
(29, '2013-10-27 23:09:28'),
(29, '2013-10-27 23:09:28'),
(29, '2013-10-27 23:09:28'),
(29, '2013-10-27 23:09:28'),
(29, '2013-10-27 23:09:28'),
(29, '2013-10-27 23:09:28'),
(29, '2013-10-27 23:09:28'),
(29, '2013-10-27 23:09:28'),
(29, '2013-10-27 23:09:28'),
(29, '2013-10-27 23:09:28'),
(29, '2013-10-27 23:09:28'),
(29, '2013-10-27 23:09:28'),
(29, '2013-10-27 23:09:28'),
(29, '2013-10-27 23:09:28'),
(29, '2013-10-27 23:09:28'),
(29, '2013-10-27 23:09:28'),
(29, '2013-10-27 23:09:28'),
(29, '2013-10-27 23:09:28'),
(29, '2013-10-27 23:09:28'),
(29, '2013-10-27 23:09:28'),
(29, '2013-10-27 23:09:28'),
(29, '2013-10-27 23:09:28'),
(29, '2013-10-27 23:09:28'),
(29, '2013-10-27 23:09:28'),
(29, '2013-10-27 23:09:28'),
(29, '2013-10-27 23:09:28'),
(29, '2013-10-27 23:09:28'),
(29, '2013-10-27 23:09:28'),
(29, '2013-10-27 23:09:28'),
(29, '2013-10-27 23:09:28'),
(29, '2013-10-27 23:09:28'),
(29, '2013-10-27 23:09:28'),
(29, '2013-10-27 23:09:28'),
(29, '2013-10-27 23:09:28'),
(29, '2013-10-28 23:09:27'),
(29, '2013-10-28 23:09:27'),
(29, '2013-10-28 23:09:27'),
(29, '2013-10-28 23:09:27'),
(29, '2013-10-28 23:09:27'),
(29, '2013-10-28 23:09:27'),
(29, '2013-10-28 23:09:27'),
(29, '2013-10-28 23:09:27'),
(29, '2013-10-28 23:09:27'),
(29, '2013-10-28 23:09:27'),
(29, '2013-10-28 23:09:27'),
(29, '2013-10-28 23:09:27'),
(29, '2013-10-28 23:09:27'),
(29, '2013-10-28 23:09:27'),
(29, '2013-10-28 23:09:27'),
(29, '2013-10-28 23:09:27'),
(29, '2013-10-28 23:09:27'),
(29, '2013-10-28 23:09:27'),
(29, '2013-10-28 23:09:27'),
(29, '2013-10-28 23:09:27'),
(29, '2013-10-28 23:09:27'),
(29, '2013-10-28 23:09:27'),
(29, '2013-10-28 23:09:27'),
(29, '2013-10-28 23:09:27'),
(29, '2013-10-28 23:09:27'),
(29, '2013-10-28 23:09:27'),
(29, '2013-10-28 23:09:27'),
(29, '2013-10-28 23:09:27'),
(29, '2013-10-28 23:09:27'),
(29, '2013-10-28 23:09:27'),
(29, '2013-10-28 23:09:27'),
(29, '2013-10-28 23:09:27'),
(29, '2013-10-28 23:09:27'),
(29, '2013-10-28 23:09:27'),
(29, '2013-10-28 23:09:27'),
(29, '2013-10-28 23:09:28'),
(29, '2013-10-28 23:09:28'),
(29, '2013-10-28 23:09:28'),
(29, '2013-10-28 23:09:28'),
(29, '2013-10-28 23:09:28'),
(29, '2013-10-28 23:09:28'),
(29, '2013-10-28 23:09:28'),
(29, '2013-10-28 23:09:28'),
(29, '2013-10-28 23:09:28'),
(29, '2013-10-28 23:09:28'),
(29, '2013-10-28 23:09:28'),
(29, '2013-10-28 23:09:28'),
(29, '2013-10-28 23:09:28'),
(29, '2013-10-28 23:09:28'),
(29, '2013-10-28 23:09:28'),
(29, '2013-10-28 23:09:28'),
(29, '2013-10-28 23:09:28'),
(29, '2013-10-28 23:09:28'),
(29, '2013-10-28 23:09:28'),
(29, '2013-10-28 23:09:28'),
(29, '2013-10-28 23:09:28'),
(29, '2013-10-28 23:09:28'),
(29, '2013-10-28 23:09:28'),
(29, '2013-10-28 23:09:28'),
(29, '2013-10-28 23:09:28'),
(29, '2013-10-28 23:09:28'),
(29, '2013-10-28 23:09:28'),
(29, '2013-10-28 23:09:28'),
(29, '2013-10-28 23:09:28'),
(29, '2013-10-28 23:09:28'),
(29, '2013-10-28 23:09:28'),
(29, '2013-10-28 23:09:28'),
(29, '2013-10-28 23:09:28'),
(29, '2013-10-28 23:09:28'),
(29, '2013-10-28 23:09:28'),
(29, '2013-10-28 23:09:28'),
(29, '2013-10-28 23:09:28'),
(29, '2013-10-28 23:09:28'),
(29, '2013-10-28 23:09:28'),
(29, '2013-10-28 23:09:28'),
(29, '2013-10-28 23:09:28'),
(29, '2013-10-28 23:09:28'),
(29, '2013-10-28 23:09:28'),
(29, '2013-10-28 23:09:28'),
(29, '2013-10-28 23:09:28'),
(29, '2013-10-28 23:09:28'),
(29, '2013-10-28 23:09:28'),
(29, '2013-10-28 23:09:28'),
(29, '2013-10-28 23:09:28'),
(29, '2013-10-28 23:09:28'),
(29, '2013-10-29 23:09:27'),
(29, '2013-10-29 23:09:27'),
(29, '2013-10-29 23:09:27'),
(29, '2013-10-29 23:09:27'),
(29, '2013-10-29 23:09:27'),
(29, '2013-10-29 23:09:27'),
(29, '2013-10-29 23:09:27'),
(29, '2013-10-29 23:09:27'),
(29, '2013-10-29 23:09:27'),
(29, '2013-10-29 23:09:27'),
(29, '2013-10-29 23:09:27'),
(29, '2013-10-29 23:09:27'),
(29, '2013-10-29 23:09:27'),
(29, '2013-10-29 23:09:27'),
(29, '2013-10-29 23:09:27'),
(29, '2013-10-29 23:09:27'),
(29, '2013-10-29 23:09:27'),
(29, '2013-10-29 23:09:27'),
(29, '2013-10-29 23:09:27'),
(29, '2013-10-29 23:09:27'),
(29, '2013-10-29 23:09:27'),
(29, '2013-10-29 23:09:27'),
(29, '2013-10-29 23:09:27'),
(29, '2013-10-29 23:09:27'),
(29, '2013-10-29 23:09:27'),
(29, '2013-10-29 23:09:27'),
(29, '2013-10-29 23:09:27'),
(29, '2013-10-29 23:09:27'),
(29, '2013-10-29 23:09:27'),
(29, '2013-10-29 23:09:27'),
(29, '2013-10-29 23:09:27'),
(29, '2013-10-29 23:09:27'),
(29, '2013-10-29 23:09:27'),
(29, '2013-10-29 23:09:27'),
(29, '2013-10-29 23:09:27'),
(29, '2013-10-29 23:09:27'),
(29, '2013-10-29 23:09:27'),
(29, '2013-10-29 23:09:28'),
(29, '2013-10-29 23:09:28'),
(29, '2013-10-29 23:09:28'),
(29, '2013-10-29 23:09:28'),
(29, '2013-10-29 23:09:28'),
(29, '2013-10-29 23:09:28'),
(29, '2013-10-29 23:09:28'),
(29, '2013-10-29 23:09:28'),
(29, '2013-10-29 23:09:28'),
(29, '2013-10-29 23:09:28'),
(29, '2013-10-29 23:09:28'),
(29, '2013-10-29 23:09:28'),
(29, '2013-10-29 23:09:28'),
(29, '2013-10-29 23:09:28'),
(29, '2013-10-29 23:09:28'),
(29, '2013-10-29 23:09:28'),
(29, '2013-10-29 23:09:28'),
(29, '2013-10-29 23:09:28'),
(29, '2013-10-29 23:09:28'),
(29, '2013-10-29 23:09:28'),
(29, '2013-10-29 23:09:28'),
(29, '2013-10-29 23:09:28'),
(29, '2013-10-29 23:09:28'),
(29, '2013-10-29 23:09:28'),
(29, '2013-10-29 23:09:28'),
(29, '2013-10-29 23:09:28'),
(29, '2013-10-29 23:09:28'),
(29, '2013-10-29 23:09:28'),
(29, '2013-10-29 23:09:28'),
(29, '2013-10-29 23:09:28'),
(29, '2013-10-29 23:09:28'),
(29, '2013-10-29 23:09:28'),
(29, '2013-10-29 23:09:28'),
(29, '2013-10-29 23:09:28'),
(29, '2013-10-29 23:09:28'),
(29, '2013-10-29 23:09:28'),
(29, '2013-10-29 23:09:28'),
(29, '2013-10-29 23:09:28'),
(29, '2013-10-29 23:09:28'),
(29, '2013-10-29 23:09:28'),
(29, '2013-10-29 23:09:28'),
(29, '2013-10-29 23:09:28'),
(29, '2013-10-29 23:09:28'),
(29, '2013-10-29 23:09:28'),
(29, '2013-10-29 23:09:28'),
(29, '2013-10-29 23:09:28'),
(29, '2013-10-29 23:09:28'),
(29, '2013-10-29 23:09:28'),
(29, '2013-10-29 23:09:28'),
(29, '2013-10-29 23:09:28'),
(29, '2013-10-29 23:09:28'),
(29, '2013-10-29 23:09:28'),
(29, '2013-10-29 23:09:28'),
(29, '2013-10-29 23:09:28'),
(29, '2013-10-29 23:09:28'),
(29, '2013-10-29 23:09:28'),
(29, '2013-10-29 23:09:28'),
(29, '2013-10-29 23:09:28'),
(29, '2013-10-29 23:09:28'),
(29, '2013-10-29 23:09:28'),
(29, '2013-10-29 23:09:28'),
(29, '2013-10-29 23:09:28'),
(29, '2013-10-29 23:09:28'),
(29, '2013-10-29 23:09:28'),
(29, '2013-10-29 23:09:28'),
(29, '2013-10-29 23:09:28'),
(29, '2013-10-29 23:09:28'),
(29, '2013-10-29 23:09:28'),
(29, '2013-10-29 23:09:28'),
(29, '2013-10-29 23:09:28'),
(29, '2013-10-29 23:09:28'),
(29, '2013-10-29 23:09:28'),
(29, '2013-10-29 23:09:28'),
(29, '2013-10-29 23:09:28'),
(29, '2013-10-29 23:09:28'),
(29, '2013-10-29 23:09:28'),
(29, '2013-10-29 23:09:28'),
(29, '2013-10-29 23:09:28'),
(29, '2013-10-29 23:09:28'),
(29, '2013-10-29 23:09:28'),
(29, '2013-10-29 23:09:28'),
(29, '2013-10-29 23:09:28'),
(29, '2013-10-29 23:09:28'),
(29, '2013-10-29 23:09:28'),
(29, '2013-10-29 23:09:28'),
(29, '2013-10-29 23:09:28'),
(29, '2013-10-29 23:09:28'),
(29, '2013-10-29 23:09:28'),
(29, '2013-10-29 23:09:28'),
(29, '2013-10-29 23:09:28'),
(29, '2013-10-29 23:09:28'),
(29, '2013-10-29 23:09:28'),
(29, '2013-10-29 23:09:28'),
(29, '2013-10-30 23:09:27'),
(29, '2013-10-30 23:09:27'),
(29, '2013-10-30 23:09:27'),
(29, '2013-10-30 23:09:27'),
(29, '2013-10-30 23:09:27'),
(29, '2013-10-30 23:09:27'),
(29, '2013-10-30 23:09:27'),
(29, '2013-10-30 23:09:27'),
(29, '2013-10-30 23:09:27'),
(29, '2013-10-30 23:09:27'),
(29, '2013-10-30 23:09:27'),
(29, '2013-10-30 23:09:27'),
(29, '2013-10-30 23:09:27'),
(29, '2013-10-30 23:09:27'),
(29, '2013-10-30 23:09:27'),
(29, '2013-10-30 23:09:27'),
(29, '2013-10-30 23:09:27'),
(29, '2013-10-30 23:09:27'),
(29, '2013-10-30 23:09:27'),
(29, '2013-10-30 23:09:27'),
(29, '2013-10-30 23:09:27'),
(29, '2013-10-30 23:09:27'),
(29, '2013-10-30 23:09:27'),
(29, '2013-10-30 23:09:27'),
(29, '2013-10-30 23:09:27'),
(29, '2013-10-30 23:09:27'),
(29, '2013-10-30 23:09:28'),
(29, '2013-10-30 23:09:28'),
(29, '2013-10-30 23:09:28'),
(29, '2013-10-30 23:09:28'),
(29, '2013-10-30 23:09:28'),
(29, '2013-10-30 23:09:28'),
(29, '2013-10-30 23:09:28'),
(29, '2013-10-30 23:09:28'),
(29, '2013-10-30 23:09:28'),
(29, '2013-10-30 23:09:28'),
(29, '2013-10-30 23:09:28'),
(29, '2013-10-30 23:09:28'),
(29, '2013-10-30 23:09:28'),
(29, '2013-10-30 23:09:28'),
(29, '2013-10-30 23:09:28'),
(29, '2013-10-30 23:09:28'),
(29, '2013-10-30 23:09:28'),
(29, '2013-10-30 23:09:28'),
(29, '2013-10-30 23:09:28'),
(29, '2013-10-30 23:09:28'),
(29, '2013-10-30 23:09:28'),
(29, '2013-10-30 23:09:28'),
(29, '2013-10-30 23:09:28'),
(29, '2013-10-30 23:09:28'),
(29, '2013-10-30 23:09:28'),
(29, '2013-10-30 23:09:28'),
(29, '2013-10-30 23:09:28'),
(29, '2013-10-30 23:09:28'),
(29, '2013-10-30 23:09:28'),
(29, '2013-10-30 23:09:28'),
(29, '2013-10-30 23:09:28'),
(29, '2013-10-30 23:09:28'),
(29, '2013-10-30 23:09:28'),
(29, '2013-10-30 23:09:28'),
(29, '2013-10-30 23:09:28'),
(29, '2013-10-30 23:09:28'),
(29, '2013-10-30 23:09:28'),
(29, '2013-10-30 23:09:28'),
(29, '2013-10-30 23:09:28'),
(29, '2013-10-30 23:09:28'),
(29, '2013-10-30 23:09:28'),
(29, '2013-10-30 23:09:28'),
(29, '2013-10-30 23:09:28'),
(29, '2013-10-30 23:09:28'),
(29, '2013-10-30 23:09:28'),
(29, '2013-10-30 23:09:28'),
(29, '2013-10-30 23:09:28'),
(29, '2013-10-30 23:09:28'),
(29, '2013-10-30 23:09:28'),
(29, '2013-10-30 23:09:28'),
(29, '2013-10-30 23:09:28'),
(29, '2013-10-30 23:09:28'),
(29, '2013-10-30 23:09:28'),
(29, '2013-10-30 23:09:28'),
(29, '2013-10-30 23:09:28'),
(29, '2013-10-31 23:09:27'),
(29, '2013-10-31 23:09:27'),
(29, '2013-10-31 23:09:27'),
(29, '2013-10-31 23:09:27'),
(29, '2013-10-31 23:09:27'),
(29, '2013-10-31 23:09:27'),
(29, '2013-10-31 23:09:27'),
(29, '2013-10-31 23:09:27'),
(29, '2013-10-31 23:09:27'),
(29, '2013-10-31 23:09:27'),
(29, '2013-10-31 23:09:27'),
(29, '2013-10-31 23:09:27'),
(29, '2013-10-31 23:09:27'),
(29, '2013-10-31 23:09:27'),
(29, '2013-10-31 23:09:27'),
(29, '2013-10-31 23:09:27'),
(29, '2013-10-31 23:09:27'),
(29, '2013-10-31 23:09:27'),
(29, '2013-10-31 23:09:27'),
(29, '2013-10-31 23:09:27'),
(29, '2013-10-31 23:09:27'),
(29, '2013-10-31 23:09:27'),
(29, '2013-10-31 23:09:27'),
(29, '2013-10-31 23:09:27'),
(29, '2013-10-31 23:09:27'),
(29, '2013-10-31 23:09:27'),
(29, '2013-10-31 23:09:27'),
(29, '2013-10-31 23:09:27'),
(29, '2013-10-31 23:09:27'),
(29, '2013-10-31 23:09:27'),
(29, '2013-10-31 23:09:28'),
(29, '2013-10-31 23:09:28'),
(29, '2013-10-31 23:09:28'),
(29, '2013-10-31 23:09:28'),
(29, '2013-10-31 23:09:28'),
(29, '2013-10-31 23:09:28'),
(29, '2013-10-31 23:09:28'),
(29, '2013-10-31 23:09:28'),
(29, '2013-10-31 23:09:28'),
(29, '2013-10-31 23:09:28'),
(29, '2013-10-31 23:09:28'),
(29, '2013-10-31 23:09:28'),
(29, '2013-10-31 23:09:28'),
(29, '2013-10-31 23:09:28'),
(29, '2013-10-31 23:09:28'),
(29, '2013-10-31 23:09:28'),
(29, '2013-10-31 23:09:28'),
(29, '2013-10-31 23:09:28'),
(29, '2013-10-31 23:09:28'),
(29, '2013-10-31 23:09:28'),
(29, '2013-10-31 23:09:28'),
(29, '2013-10-31 23:09:28'),
(29, '2013-10-31 23:09:28'),
(29, '2013-10-31 23:09:28'),
(29, '2013-10-31 23:09:28'),
(29, '2013-10-31 23:09:28'),
(29, '2013-10-31 23:09:28'),
(29, '2013-10-31 23:09:28'),
(29, '2013-10-31 23:09:28'),
(29, '2013-10-31 23:09:28'),
(29, '2013-10-31 23:09:28'),
(29, '2013-10-31 23:09:28'),
(29, '2013-10-31 23:09:28'),
(29, '2013-10-31 23:09:28'),
(29, '2013-10-31 23:09:28'),
(29, '2013-10-31 23:09:28'),
(29, '2013-10-31 23:09:28'),
(29, '2013-10-31 23:09:28'),
(29, '2013-10-31 23:09:28'),
(29, '2013-10-31 23:09:28'),
(29, '2013-10-31 23:09:28'),
(29, '2013-10-31 23:09:28'),
(29, '2013-10-31 23:09:28'),
(29, '2013-10-31 23:09:28'),
(29, '2013-10-31 23:09:28'),
(29, '2013-10-31 23:09:28'),
(29, '2013-10-31 23:09:28'),
(29, '2013-10-31 23:09:28'),
(29, '2013-10-31 23:09:28'),
(29, '2013-10-31 23:09:28'),
(29, '2013-10-31 23:09:28'),
(29, '2013-10-31 23:09:28'),
(29, '2013-10-31 23:09:28'),
(29, '2013-10-31 23:09:28'),
(29, '2013-10-31 23:09:28'),
(29, '2013-10-31 23:09:28'),
(29, '2013-10-31 23:09:28'),
(29, '2013-10-31 23:09:28'),
(29, '2013-11-01 23:09:27'),
(29, '2013-11-01 23:09:27'),
(29, '2013-11-01 23:09:27'),
(29, '2013-11-01 23:09:27'),
(29, '2013-11-01 23:09:27'),
(29, '2013-11-01 23:09:27'),
(29, '2013-11-01 23:09:27'),
(29, '2013-11-01 23:09:27'),
(29, '2013-11-01 23:09:27'),
(29, '2013-11-01 23:09:27'),
(29, '2013-11-01 23:09:27'),
(29, '2013-11-01 23:09:27'),
(29, '2013-11-01 23:09:27'),
(29, '2013-11-01 23:09:27'),
(29, '2013-11-01 23:09:27'),
(29, '2013-11-01 23:09:27'),
(29, '2013-11-01 23:09:27'),
(29, '2013-11-01 23:09:27'),
(29, '2013-11-01 23:09:27'),
(29, '2013-11-01 23:09:27'),
(29, '2013-11-01 23:09:27'),
(29, '2013-11-01 23:09:27'),
(29, '2013-11-01 23:09:27'),
(29, '2013-11-01 23:09:27'),
(29, '2013-11-01 23:09:27'),
(29, '2013-11-01 23:09:27'),
(29, '2013-11-01 23:09:27'),
(29, '2013-11-01 23:09:27'),
(29, '2013-11-01 23:09:27'),
(29, '2013-11-01 23:09:27'),
(29, '2013-11-01 23:09:27'),
(29, '2013-11-01 23:09:27'),
(29, '2013-11-01 23:09:27'),
(29, '2013-11-01 23:09:27'),
(29, '2013-11-01 23:09:27'),
(29, '2013-11-01 23:09:27'),
(29, '2013-11-01 23:09:27'),
(29, '2013-11-01 23:09:27'),
(29, '2013-11-01 23:09:27'),
(29, '2013-11-01 23:09:28'),
(29, '2013-11-01 23:09:28'),
(29, '2013-11-01 23:09:28'),
(29, '2013-11-01 23:09:28'),
(29, '2013-11-01 23:09:28'),
(29, '2013-11-01 23:09:28'),
(29, '2013-11-01 23:09:28'),
(29, '2013-11-01 23:09:28'),
(29, '2013-11-01 23:09:28'),
(29, '2013-11-01 23:09:28'),
(29, '2013-11-01 23:09:28'),
(29, '2013-11-01 23:09:28'),
(29, '2013-11-01 23:09:28'),
(29, '2013-11-01 23:09:28'),
(29, '2013-11-01 23:09:28'),
(29, '2013-11-01 23:09:28'),
(29, '2013-11-01 23:09:28'),
(29, '2013-11-01 23:09:28'),
(29, '2013-11-01 23:09:28'),
(29, '2013-11-01 23:09:28'),
(29, '2013-11-01 23:09:28'),
(29, '2013-11-01 23:09:28'),
(29, '2013-11-01 23:09:28'),
(29, '2013-11-01 23:09:28'),
(29, '2013-11-01 23:09:28'),
(29, '2013-11-01 23:09:28'),
(29, '2013-11-01 23:09:28'),
(29, '2013-11-01 23:09:28'),
(29, '2013-11-01 23:09:28'),
(29, '2013-11-01 23:09:28'),
(29, '2013-11-01 23:09:28'),
(29, '2013-11-01 23:09:28'),
(29, '2013-11-01 23:09:28'),
(29, '2013-11-01 23:09:28'),
(29, '2013-11-01 23:09:28'),
(29, '2013-11-01 23:09:28'),
(29, '2013-11-01 23:09:28'),
(29, '2013-11-01 23:09:28'),
(29, '2013-11-01 23:09:28'),
(29, '2013-11-01 23:09:28'),
(29, '2013-11-01 23:09:28'),
(29, '2013-11-01 23:09:28'),
(29, '2013-11-01 23:09:28'),
(29, '2013-11-01 23:09:28'),
(29, '2013-11-01 23:09:28'),
(29, '2013-11-01 23:09:28'),
(29, '2013-11-01 23:09:28'),
(29, '2013-11-01 23:09:28'),
(29, '2013-11-01 23:09:28'),
(29, '2013-11-01 23:09:28'),
(29, '2013-11-01 23:09:28'),
(29, '2013-11-01 23:09:28'),
(29, '2013-11-01 23:09:28'),
(29, '2013-11-01 23:09:28'),
(29, '2013-11-01 23:09:28'),
(29, '2013-11-01 23:09:28'),
(29, '2013-11-01 23:09:28'),
(29, '2013-11-01 23:09:28'),
(29, '2013-11-01 23:09:28'),
(29, '2013-11-01 23:09:28'),
(29, '2013-11-01 23:09:28'),
(29, '2013-11-01 23:09:28'),
(29, '2013-11-01 23:09:28'),
(29, '2013-11-01 23:09:28'),
(29, '2013-11-01 23:09:28'),
(29, '2013-11-01 23:09:28'),
(29, '2013-11-01 23:09:28'),
(29, '2013-11-01 23:09:28'),
(29, '2013-11-01 23:09:28'),
(29, '2013-11-01 23:09:28'),
(29, '2013-11-01 23:09:28'),
(29, '2013-11-02 23:09:27'),
(29, '2013-11-02 23:09:27'),
(29, '2013-11-02 23:09:27'),
(29, '2013-11-02 23:09:27'),
(29, '2013-11-02 23:09:27'),
(29, '2013-11-02 23:09:27'),
(29, '2013-11-02 23:09:27'),
(29, '2013-11-02 23:09:27'),
(29, '2013-11-02 23:09:27'),
(29, '2013-11-02 23:09:27'),
(29, '2013-11-02 23:09:27'),
(29, '2013-11-02 23:09:27'),
(29, '2013-11-02 23:09:27'),
(29, '2013-11-02 23:09:27'),
(29, '2013-11-02 23:09:27'),
(29, '2013-11-02 23:09:27'),
(29, '2013-11-02 23:09:27'),
(29, '2013-11-02 23:09:27'),
(29, '2013-11-02 23:09:27'),
(29, '2013-11-02 23:09:27'),
(29, '2013-11-02 23:09:27'),
(29, '2013-11-02 23:09:27'),
(29, '2013-11-02 23:09:27'),
(29, '2013-11-02 23:09:27'),
(29, '2013-11-02 23:09:27'),
(29, '2013-11-02 23:09:27'),
(29, '2013-11-02 23:09:27'),
(29, '2013-11-02 23:09:27'),
(29, '2013-11-02 23:09:27'),
(29, '2013-11-02 23:09:27'),
(29, '2013-11-02 23:09:27'),
(29, '2013-11-02 23:09:27'),
(29, '2013-11-02 23:09:27'),
(29, '2013-11-02 23:09:27'),
(29, '2013-11-02 23:09:27'),
(29, '2013-11-02 23:09:27'),
(29, '2013-11-02 23:09:27'),
(29, '2013-11-02 23:09:27'),
(29, '2013-11-02 23:09:27'),
(29, '2013-11-02 23:09:28'),
(29, '2013-11-02 23:09:28'),
(29, '2013-11-02 23:09:28'),
(29, '2013-11-02 23:09:28'),
(29, '2013-11-02 23:09:28'),
(29, '2013-11-02 23:09:28'),
(29, '2013-11-02 23:09:28'),
(29, '2013-11-02 23:09:28'),
(29, '2013-11-02 23:09:28'),
(29, '2013-11-02 23:09:28'),
(29, '2013-11-02 23:09:28'),
(29, '2013-11-02 23:09:28'),
(29, '2013-11-02 23:09:28'),
(29, '2013-11-02 23:09:28'),
(29, '2013-11-02 23:09:28'),
(29, '2013-11-02 23:09:28'),
(29, '2013-11-02 23:09:28'),
(29, '2013-11-02 23:09:28'),
(29, '2013-11-02 23:09:28'),
(29, '2013-11-02 23:09:28'),
(29, '2013-11-02 23:09:28'),
(29, '2013-11-02 23:09:28'),
(29, '2013-11-02 23:09:28'),
(29, '2013-11-02 23:09:28'),
(29, '2013-11-02 23:09:28'),
(29, '2013-11-02 23:09:28'),
(29, '2013-11-02 23:09:28'),
(29, '2013-11-02 23:09:28'),
(29, '2013-11-02 23:09:28'),
(29, '2013-11-02 23:09:28'),
(29, '2013-11-02 23:09:28'),
(29, '2013-11-02 23:09:28'),
(29, '2013-11-02 23:09:28'),
(29, '2013-11-02 23:09:28'),
(29, '2013-11-02 23:09:28'),
(29, '2013-11-02 23:09:28'),
(29, '2013-11-02 23:09:28'),
(29, '2013-11-02 23:09:28'),
(29, '2013-11-02 23:09:28'),
(29, '2013-11-02 23:09:28'),
(29, '2013-11-02 23:09:28'),
(29, '2013-11-02 23:09:28'),
(29, '2013-11-02 23:09:28'),
(29, '2013-11-02 23:09:28'),
(29, '2013-11-02 23:09:28'),
(29, '2013-11-02 23:09:28'),
(29, '2013-11-02 23:09:28'),
(29, '2013-11-02 23:09:28'),
(29, '2013-11-02 23:09:28'),
(29, '2013-11-02 23:09:28'),
(29, '2013-11-02 23:09:28'),
(29, '2013-11-02 23:09:28'),
(29, '2013-11-02 23:09:28'),
(29, '2013-11-02 23:09:28'),
(29, '2013-11-02 23:09:28'),
(29, '2013-11-02 23:09:28'),
(29, '2013-11-02 23:09:28'),
(29, '2013-11-02 23:09:28'),
(29, '2013-11-02 23:09:28'),
(29, '2013-11-03 23:09:27'),
(29, '2013-11-03 23:09:27'),
(29, '2013-11-03 23:09:27'),
(29, '2013-11-03 23:09:27'),
(29, '2013-11-03 23:09:27'),
(29, '2013-11-03 23:09:27'),
(29, '2013-11-03 23:09:27'),
(29, '2013-11-03 23:09:27'),
(29, '2013-11-03 23:09:27'),
(29, '2013-11-03 23:09:27'),
(29, '2013-11-03 23:09:27'),
(29, '2013-11-03 23:09:27'),
(29, '2013-11-03 23:09:27'),
(29, '2013-11-03 23:09:27'),
(29, '2013-11-03 23:09:27'),
(29, '2013-11-03 23:09:27'),
(29, '2013-11-03 23:09:27'),
(29, '2013-11-03 23:09:27'),
(29, '2013-11-03 23:09:27'),
(29, '2013-11-03 23:09:27'),
(29, '2013-11-03 23:09:27'),
(29, '2013-11-03 23:09:27'),
(29, '2013-11-03 23:09:27'),
(29, '2013-11-03 23:09:27'),
(29, '2013-11-03 23:09:27'),
(29, '2013-11-03 23:09:27'),
(29, '2013-11-03 23:09:27'),
(29, '2013-11-03 23:09:27'),
(29, '2013-11-03 23:09:27'),
(29, '2013-11-03 23:09:27'),
(29, '2013-11-03 23:09:27'),
(29, '2013-11-03 23:09:27'),
(29, '2013-11-03 23:09:27'),
(29, '2013-11-03 23:09:27'),
(29, '2013-11-03 23:09:27'),
(29, '2013-11-03 23:09:27'),
(29, '2013-11-03 23:09:27'),
(29, '2013-11-03 23:09:27'),
(29, '2013-11-03 23:09:28'),
(29, '2013-11-03 23:09:28'),
(29, '2013-11-03 23:09:28'),
(29, '2013-11-03 23:09:28'),
(29, '2013-11-03 23:09:28'),
(29, '2013-11-03 23:09:28'),
(29, '2013-11-03 23:09:28'),
(29, '2013-11-03 23:09:28'),
(29, '2013-11-03 23:09:28'),
(29, '2013-11-03 23:09:28'),
(29, '2013-11-03 23:09:28'),
(29, '2013-11-03 23:09:28'),
(29, '2013-11-03 23:09:28'),
(29, '2013-11-03 23:09:28'),
(29, '2013-11-03 23:09:28'),
(29, '2013-11-03 23:09:28'),
(29, '2013-11-03 23:09:28'),
(29, '2013-11-03 23:09:28'),
(29, '2013-11-03 23:09:28'),
(29, '2013-11-03 23:09:28'),
(29, '2013-11-03 23:09:28'),
(29, '2013-11-03 23:09:28'),
(29, '2013-11-03 23:09:28'),
(29, '2013-11-03 23:09:28'),
(29, '2013-11-03 23:09:28'),
(29, '2013-11-03 23:09:28'),
(29, '2013-11-03 23:09:28'),
(29, '2013-11-03 23:09:28'),
(29, '2013-11-03 23:09:28'),
(29, '2013-11-03 23:09:28'),
(29, '2013-11-03 23:09:28'),
(29, '2013-11-03 23:09:28'),
(29, '2013-11-03 23:09:28'),
(29, '2013-11-03 23:09:28'),
(29, '2013-11-03 23:09:28'),
(29, '2013-11-03 23:09:28'),
(29, '2013-11-03 23:09:28'),
(29, '2013-11-03 23:09:28'),
(29, '2013-11-03 23:09:28'),
(29, '2013-11-03 23:09:28'),
(29, '2013-11-03 23:09:28'),
(29, '2013-11-03 23:09:28'),
(29, '2013-11-03 23:09:28'),
(29, '2013-11-03 23:09:28'),
(29, '2013-11-03 23:09:28'),
(29, '2013-11-03 23:09:28'),
(29, '2013-11-03 23:09:28'),
(29, '2013-11-03 23:09:28'),
(29, '2013-11-03 23:09:28'),
(29, '2013-11-03 23:09:28'),
(29, '2013-11-03 23:09:28'),
(29, '2013-11-03 23:09:28'),
(29, '2013-11-03 23:09:28'),
(29, '2013-11-03 23:09:28'),
(29, '2013-11-03 23:09:28'),
(29, '2013-11-03 23:09:28'),
(29, '2013-11-03 23:09:28'),
(29, '2013-11-03 23:09:28'),
(29, '2013-11-03 23:09:28'),
(29, '2013-11-03 23:09:28'),
(29, '2013-11-03 23:09:28'),
(29, '2013-11-03 23:09:28'),
(29, '2013-11-03 23:09:28'),
(29, '2013-11-03 23:09:28'),
(29, '2013-11-03 23:09:28'),
(29, '2013-11-04 23:09:27'),
(29, '2013-11-04 23:09:27'),
(29, '2013-11-04 23:09:27'),
(29, '2013-11-04 23:09:27'),
(29, '2013-11-04 23:09:27'),
(29, '2013-11-04 23:09:27'),
(29, '2013-11-04 23:09:27'),
(29, '2013-11-04 23:09:27'),
(29, '2013-11-04 23:09:27'),
(29, '2013-11-04 23:09:27'),
(29, '2013-11-04 23:09:27'),
(29, '2013-11-04 23:09:27'),
(29, '2013-11-04 23:09:27'),
(29, '2013-11-04 23:09:27'),
(29, '2013-11-04 23:09:27'),
(29, '2013-11-04 23:09:27'),
(29, '2013-11-04 23:09:27'),
(29, '2013-11-04 23:09:27'),
(29, '2013-11-04 23:09:27'),
(29, '2013-11-04 23:09:27'),
(29, '2013-11-04 23:09:27'),
(29, '2013-11-04 23:09:27'),
(29, '2013-11-04 23:09:27'),
(29, '2013-11-04 23:09:27'),
(29, '2013-11-04 23:09:27'),
(29, '2013-11-04 23:09:27'),
(29, '2013-11-04 23:09:27'),
(29, '2013-11-04 23:09:27'),
(29, '2013-11-04 23:09:27'),
(29, '2013-11-04 23:09:27'),
(29, '2013-11-04 23:09:27'),
(29, '2013-11-04 23:09:27'),
(29, '2013-11-04 23:09:27'),
(29, '2013-11-04 23:09:27'),
(29, '2013-11-04 23:09:27'),
(29, '2013-11-04 23:09:27'),
(29, '2013-11-04 23:09:27'),
(29, '2013-11-04 23:09:27'),
(29, '2013-11-04 23:09:27'),
(29, '2013-11-04 23:09:27'),
(29, '2013-11-04 23:09:27'),
(29, '2013-11-04 23:09:28'),
(29, '2013-11-04 23:09:28'),
(29, '2013-11-04 23:09:28'),
(29, '2013-11-04 23:09:28'),
(29, '2013-11-04 23:09:28'),
(29, '2013-11-04 23:09:28'),
(29, '2013-11-04 23:09:28'),
(29, '2013-11-04 23:09:28'),
(29, '2013-11-04 23:09:28'),
(29, '2013-11-04 23:09:28'),
(29, '2013-11-04 23:09:28'),
(29, '2013-11-04 23:09:28'),
(29, '2013-11-04 23:09:28'),
(29, '2013-11-04 23:09:28'),
(29, '2013-11-04 23:09:28'),
(29, '2013-11-04 23:09:28'),
(29, '2013-11-04 23:09:28'),
(29, '2013-11-04 23:09:28'),
(29, '2013-11-04 23:09:28'),
(29, '2013-11-04 23:09:28'),
(29, '2013-11-04 23:09:28'),
(29, '2013-11-04 23:09:28'),
(29, '2013-11-04 23:09:28'),
(29, '2013-11-04 23:09:28'),
(29, '2013-11-04 23:09:28'),
(29, '2013-11-04 23:09:28'),
(29, '2013-11-04 23:09:28'),
(29, '2013-11-04 23:09:28'),
(29, '2013-11-04 23:09:28'),
(29, '2013-11-04 23:09:28'),
(29, '2013-11-04 23:09:28'),
(29, '2013-11-04 23:09:28'),
(29, '2013-11-04 23:09:28'),
(29, '2013-11-04 23:09:28'),
(29, '2013-11-04 23:09:28'),
(29, '2013-11-04 23:09:28'),
(29, '2013-11-04 23:09:28'),
(29, '2013-11-04 23:09:28'),
(29, '2013-11-04 23:09:28'),
(29, '2013-11-04 23:09:28'),
(29, '2013-11-04 23:09:28'),
(29, '2013-11-04 23:09:28'),
(29, '2013-11-04 23:09:28'),
(29, '2013-11-04 23:09:28'),
(29, '2013-11-04 23:09:28'),
(29, '2013-11-04 23:09:28'),
(29, '2013-11-04 23:09:28'),
(29, '2013-11-04 23:09:28'),
(29, '2013-11-04 23:09:28'),
(29, '2013-11-04 23:09:28'),
(29, '2013-11-04 23:09:28'),
(29, '2013-11-04 23:09:28'),
(29, '2013-11-04 23:09:28'),
(29, '2013-11-04 23:09:28'),
(29, '2013-11-04 23:09:28'),
(29, '2013-11-04 23:09:28'),
(29, '2013-11-04 23:09:28'),
(29, '2013-11-04 23:09:28'),
(29, '2013-11-04 23:09:28'),
(29, '2013-11-04 23:09:28'),
(29, '2013-11-04 23:09:28'),
(29, '2013-11-04 23:09:28'),
(29, '2013-11-04 23:09:28'),
(29, '2013-11-04 23:09:28'),
(29, '2013-11-04 23:09:28'),
(29, '2013-11-04 23:09:28'),
(29, '2013-11-04 23:09:28'),
(29, '2013-11-04 23:09:28'),
(29, '2013-11-05 23:09:27'),
(29, '2013-11-05 23:09:27'),
(29, '2013-11-05 23:09:27'),
(29, '2013-11-05 23:09:27'),
(29, '2013-11-05 23:09:27'),
(29, '2013-11-05 23:09:27'),
(29, '2013-11-05 23:09:27'),
(29, '2013-11-05 23:09:27'),
(29, '2013-11-05 23:09:27'),
(29, '2013-11-05 23:09:27'),
(29, '2013-11-05 23:09:27'),
(29, '2013-11-05 23:09:27'),
(29, '2013-11-05 23:09:27'),
(29, '2013-11-05 23:09:27'),
(29, '2013-11-05 23:09:27'),
(29, '2013-11-05 23:09:27'),
(29, '2013-11-05 23:09:27'),
(29, '2013-11-05 23:09:27'),
(29, '2013-11-05 23:09:27'),
(29, '2013-11-05 23:09:27'),
(29, '2013-11-05 23:09:27'),
(29, '2013-11-05 23:09:27'),
(29, '2013-11-05 23:09:27'),
(29, '2013-11-05 23:09:27'),
(29, '2013-11-05 23:09:27'),
(29, '2013-11-05 23:09:27'),
(29, '2013-11-05 23:09:27'),
(29, '2013-11-05 23:09:27'),
(29, '2013-11-05 23:09:27'),
(29, '2013-11-05 23:09:27'),
(29, '2013-11-05 23:09:27'),
(29, '2013-11-05 23:09:27'),
(29, '2013-11-05 23:09:27'),
(29, '2013-11-05 23:09:27'),
(29, '2013-11-05 23:09:27'),
(29, '2013-11-05 23:09:27'),
(29, '2013-11-05 23:09:27'),
(29, '2013-11-05 23:09:27'),
(29, '2013-11-05 23:09:27'),
(29, '2013-11-05 23:09:28'),
(29, '2013-11-05 23:09:28'),
(29, '2013-11-05 23:09:28'),
(29, '2013-11-05 23:09:28'),
(29, '2013-11-05 23:09:28'),
(29, '2013-11-05 23:09:28'),
(29, '2013-11-05 23:09:28'),
(29, '2013-11-05 23:09:28'),
(29, '2013-11-05 23:09:28'),
(29, '2013-11-05 23:09:28'),
(29, '2013-11-05 23:09:28'),
(29, '2013-11-05 23:09:28'),
(29, '2013-11-05 23:09:28'),
(29, '2013-11-05 23:09:28'),
(29, '2013-11-05 23:09:28'),
(29, '2013-11-05 23:09:28'),
(29, '2013-11-05 23:09:28'),
(29, '2013-11-05 23:09:28'),
(29, '2013-11-05 23:09:28'),
(29, '2013-11-05 23:09:28'),
(29, '2013-11-05 23:09:28'),
(29, '2013-11-05 23:09:28'),
(29, '2013-11-05 23:09:28'),
(29, '2013-11-05 23:09:28'),
(29, '2013-11-05 23:09:28'),
(29, '2013-11-05 23:09:28'),
(29, '2013-11-05 23:09:28'),
(29, '2013-11-05 23:09:28'),
(29, '2013-11-05 23:09:28'),
(29, '2013-11-05 23:09:28'),
(29, '2013-11-05 23:09:28'),
(29, '2013-11-05 23:09:28'),
(29, '2013-11-05 23:09:28'),
(29, '2013-11-05 23:09:28'),
(29, '2013-11-05 23:09:28'),
(29, '2013-11-05 23:09:28'),
(29, '2013-11-05 23:09:28'),
(29, '2013-11-05 23:09:28'),
(29, '2013-11-05 23:09:28'),
(29, '2013-11-05 23:09:28'),
(29, '2013-11-05 23:09:28'),
(29, '2013-11-05 23:09:28'),
(29, '2013-11-05 23:09:28'),
(29, '2013-11-05 23:09:28'),
(29, '2013-11-05 23:09:28'),
(29, '2013-11-05 23:09:28'),
(29, '2013-11-05 23:09:28'),
(29, '2013-11-06 23:09:27'),
(29, '2013-11-06 23:09:27'),
(29, '2013-11-06 23:09:27'),
(29, '2013-11-06 23:09:27'),
(29, '2013-11-06 23:09:27'),
(29, '2013-11-06 23:09:27'),
(29, '2013-11-06 23:09:27'),
(29, '2013-11-06 23:09:27'),
(29, '2013-11-06 23:09:27'),
(29, '2013-11-06 23:09:27'),
(29, '2013-11-06 23:09:27'),
(29, '2013-11-06 23:09:27'),
(29, '2013-11-06 23:09:27'),
(29, '2013-11-06 23:09:27'),
(29, '2013-11-06 23:09:27'),
(29, '2013-11-06 23:09:27'),
(29, '2013-11-06 23:09:27'),
(29, '2013-11-06 23:09:27'),
(29, '2013-11-06 23:09:27'),
(29, '2013-11-06 23:09:27'),
(29, '2013-11-06 23:09:27'),
(29, '2013-11-06 23:09:27'),
(29, '2013-11-06 23:09:27'),
(29, '2013-11-06 23:09:27'),
(29, '2013-11-06 23:09:27'),
(29, '2013-11-06 23:09:27'),
(29, '2013-11-06 23:09:28'),
(29, '2013-11-06 23:09:28'),
(29, '2013-11-06 23:09:28'),
(29, '2013-11-06 23:09:28'),
(29, '2013-11-06 23:09:28'),
(29, '2013-11-06 23:09:28'),
(29, '2013-11-06 23:09:28'),
(29, '2013-11-06 23:09:28'),
(29, '2013-11-06 23:09:28'),
(29, '2013-11-06 23:09:28'),
(29, '2013-11-06 23:09:28'),
(29, '2013-11-06 23:09:28'),
(29, '2013-11-06 23:09:28'),
(29, '2013-11-06 23:09:28'),
(29, '2013-11-06 23:09:28'),
(29, '2013-11-06 23:09:28'),
(29, '2013-11-06 23:09:28'),
(29, '2013-11-06 23:09:28'),
(29, '2013-11-06 23:09:28'),
(29, '2013-11-06 23:09:28'),
(29, '2013-11-06 23:09:28'),
(29, '2013-11-06 23:09:28'),
(29, '2013-11-06 23:09:28'),
(29, '2013-11-06 23:09:28'),
(29, '2013-11-06 23:09:28'),
(29, '2013-11-06 23:09:28'),
(29, '2013-11-06 23:09:28'),
(29, '2013-11-06 23:09:28'),
(29, '2013-11-06 23:09:28'),
(29, '2013-11-06 23:09:28'),
(29, '2013-11-06 23:09:28'),
(29, '2013-11-06 23:09:28'),
(29, '2013-11-06 23:09:28'),
(29, '2013-11-06 23:09:28'),
(29, '2013-11-06 23:09:28'),
(29, '2013-11-06 23:09:28'),
(29, '2013-11-06 23:09:28'),
(29, '2013-11-06 23:09:28'),
(29, '2013-11-06 23:09:28'),
(29, '2013-11-06 23:09:28'),
(29, '2013-11-06 23:09:28'),
(29, '2013-11-06 23:09:28'),
(29, '2013-11-06 23:09:28'),
(29, '2013-11-06 23:09:28'),
(29, '2013-11-06 23:09:28'),
(29, '2013-11-06 23:09:28'),
(29, '2013-11-06 23:09:28'),
(29, '2013-11-06 23:09:28'),
(29, '2013-11-06 23:09:28'),
(29, '2013-11-06 23:09:28'),
(29, '2013-11-06 23:09:28'),
(29, '2013-11-06 23:09:28'),
(29, '2013-11-06 23:09:28'),
(29, '2013-11-06 23:09:28'),
(29, '2013-11-06 23:09:28'),
(29, '2013-11-06 23:09:28'),
(29, '2013-11-06 23:09:28'),
(29, '2013-11-06 23:09:28'),
(29, '2013-11-06 23:09:28'),
(29, '2013-11-06 23:09:28'),
(29, '2013-11-06 23:09:28'),
(29, '2013-11-06 23:09:28'),
(29, '2013-11-06 23:09:28'),
(29, '2013-11-06 23:09:28'),
(29, '2013-11-06 23:09:28'),
(29, '2013-11-06 23:09:28'),
(29, '2013-11-06 23:09:28'),
(29, '2013-11-06 23:09:28'),
(29, '2013-11-06 23:09:28'),
(29, '2013-11-06 23:09:28'),
(29, '2013-11-06 23:09:28'),
(29, '2013-11-06 23:09:28'),
(29, '2013-11-07 23:09:27'),
(29, '2013-11-07 23:09:27'),
(29, '2013-11-07 23:09:27'),
(29, '2013-11-07 23:09:27'),
(29, '2013-11-07 23:09:27'),
(29, '2013-11-07 23:09:27'),
(29, '2013-11-07 23:09:27'),
(29, '2013-11-07 23:09:27'),
(29, '2013-11-07 23:09:27'),
(29, '2013-11-07 23:09:27'),
(29, '2013-11-07 23:09:27'),
(29, '2013-11-07 23:09:27'),
(29, '2013-11-07 23:09:27'),
(29, '2013-11-07 23:09:27'),
(29, '2013-11-07 23:09:27'),
(29, '2013-11-07 23:09:27'),
(29, '2013-11-07 23:09:27'),
(29, '2013-11-07 23:09:27'),
(29, '2013-11-07 23:09:27'),
(29, '2013-11-07 23:09:27'),
(29, '2013-11-07 23:09:27'),
(29, '2013-11-07 23:09:27'),
(29, '2013-11-07 23:09:27'),
(29, '2013-11-07 23:09:27'),
(29, '2013-11-07 23:09:27'),
(29, '2013-11-07 23:09:28'),
(29, '2013-11-07 23:09:28'),
(29, '2013-11-07 23:09:28'),
(29, '2013-11-07 23:09:28'),
(29, '2013-11-07 23:09:28'),
(29, '2013-11-07 23:09:28'),
(29, '2013-11-07 23:09:28'),
(29, '2013-11-07 23:09:28'),
(29, '2013-11-07 23:09:28'),
(29, '2013-11-07 23:09:28'),
(29, '2013-11-07 23:09:28'),
(29, '2013-11-07 23:09:28'),
(29, '2013-11-07 23:09:28'),
(29, '2013-11-07 23:09:28'),
(29, '2013-11-07 23:09:28'),
(29, '2013-11-07 23:09:28'),
(29, '2013-11-07 23:09:28'),
(29, '2013-11-07 23:09:28'),
(29, '2013-11-07 23:09:28'),
(29, '2013-11-07 23:09:28'),
(29, '2013-11-07 23:09:28'),
(29, '2013-11-07 23:09:28'),
(29, '2013-11-07 23:09:28'),
(29, '2013-11-07 23:09:28'),
(29, '2013-11-07 23:09:28'),
(29, '2013-11-07 23:09:28'),
(29, '2013-11-07 23:09:28'),
(29, '2013-11-07 23:09:28'),
(29, '2013-11-07 23:09:28'),
(29, '2013-11-07 23:09:28'),
(29, '2013-11-07 23:09:28'),
(29, '2013-11-07 23:09:28'),
(29, '2013-11-07 23:09:28'),
(29, '2013-11-07 23:09:28'),
(29, '2013-11-07 23:09:28'),
(29, '2013-11-07 23:09:28'),
(29, '2013-11-07 23:09:28'),
(29, '2013-11-07 23:09:28'),
(29, '2013-11-07 23:09:28'),
(29, '2013-11-07 23:09:28'),
(29, '2013-11-07 23:09:28'),
(29, '2013-11-07 23:09:28'),
(29, '2013-11-07 23:09:28'),
(29, '2013-11-07 23:09:28'),
(29, '2013-11-07 23:09:28'),
(29, '2013-11-07 23:09:28'),
(29, '2013-11-07 23:09:28'),
(29, '2013-11-07 23:09:28'),
(29, '2013-11-07 23:09:28'),
(29, '2013-11-07 23:09:28'),
(29, '2013-11-07 23:09:28'),
(29, '2013-11-07 23:09:28'),
(29, '2013-11-07 23:09:28'),
(29, '2013-11-07 23:09:28'),
(29, '2013-11-07 23:09:28'),
(29, '2013-11-07 23:09:28'),
(29, '2013-11-07 23:09:28'),
(29, '2013-11-07 23:09:28'),
(29, '2013-11-07 23:09:28'),
(29, '2013-11-07 23:09:28'),
(29, '2013-11-07 23:09:28'),
(29, '2013-11-07 23:09:28'),
(29, '2013-11-08 23:09:27'),
(29, '2013-11-08 23:09:27'),
(29, '2013-11-08 23:09:27'),
(29, '2013-11-08 23:09:27'),
(29, '2013-11-08 23:09:27'),
(29, '2013-11-08 23:09:27'),
(29, '2013-11-08 23:09:27'),
(29, '2013-11-08 23:09:27'),
(29, '2013-11-08 23:09:27'),
(29, '2013-11-08 23:09:27'),
(29, '2013-11-08 23:09:27'),
(29, '2013-11-08 23:09:27'),
(29, '2013-11-08 23:09:27'),
(29, '2013-11-08 23:09:27'),
(29, '2013-11-08 23:09:27'),
(29, '2013-11-08 23:09:27'),
(29, '2013-11-08 23:09:27'),
(29, '2013-11-08 23:09:27'),
(29, '2013-11-08 23:09:27'),
(29, '2013-11-08 23:09:27'),
(29, '2013-11-08 23:09:27'),
(29, '2013-11-08 23:09:27'),
(29, '2013-11-08 23:09:27'),
(29, '2013-11-08 23:09:27'),
(29, '2013-11-08 23:09:27'),
(29, '2013-11-08 23:09:27'),
(29, '2013-11-08 23:09:27'),
(29, '2013-11-08 23:09:27'),
(29, '2013-11-08 23:09:27'),
(29, '2013-11-08 23:09:28'),
(29, '2013-11-08 23:09:28'),
(29, '2013-11-08 23:09:28'),
(29, '2013-11-08 23:09:28'),
(29, '2013-11-08 23:09:28'),
(29, '2013-11-08 23:09:28'),
(29, '2013-11-08 23:09:28'),
(29, '2013-11-08 23:09:28'),
(29, '2013-11-08 23:09:28'),
(29, '2013-11-08 23:09:28'),
(29, '2013-11-08 23:09:28'),
(29, '2013-11-08 23:09:28'),
(29, '2013-11-08 23:09:28'),
(29, '2013-11-08 23:09:28'),
(29, '2013-11-08 23:09:28'),
(29, '2013-11-08 23:09:28'),
(29, '2013-11-08 23:09:28'),
(29, '2013-11-08 23:09:28'),
(29, '2013-11-08 23:09:28'),
(29, '2013-11-08 23:09:28'),
(29, '2013-11-08 23:09:28'),
(29, '2013-11-08 23:09:28'),
(29, '2013-11-08 23:09:28'),
(29, '2013-11-08 23:09:28'),
(29, '2013-11-08 23:09:28'),
(29, '2013-11-08 23:09:28'),
(29, '2013-11-08 23:09:28'),
(29, '2013-11-08 23:09:28'),
(29, '2013-11-08 23:09:28'),
(29, '2013-11-08 23:09:28'),
(29, '2013-11-08 23:09:28'),
(29, '2013-11-08 23:09:28'),
(29, '2013-11-08 23:09:28'),
(29, '2013-11-08 23:09:28'),
(29, '2013-11-08 23:09:28'),
(29, '2013-11-08 23:09:28'),
(29, '2013-11-08 23:09:28'),
(29, '2013-11-08 23:09:28'),
(29, '2013-11-08 23:09:28'),
(29, '2013-11-08 23:09:28'),
(29, '2013-11-08 23:09:28'),
(29, '2013-11-08 23:09:28'),
(29, '2013-11-08 23:09:28'),
(29, '2013-11-08 23:09:28'),
(29, '2013-11-08 23:09:28'),
(29, '2013-11-08 23:09:28'),
(29, '2013-11-08 23:09:28'),
(29, '2013-11-08 23:09:28'),
(29, '2013-11-08 23:09:28'),
(29, '2013-11-08 23:09:28'),
(29, '2013-11-08 23:09:28'),
(29, '2013-11-08 23:09:28'),
(29, '2013-11-08 23:09:28'),
(29, '2013-11-08 23:09:28'),
(29, '2013-11-08 23:09:28'),
(29, '2013-11-08 23:09:28'),
(29, '2013-11-08 23:09:28'),
(29, '2013-11-08 23:09:28'),
(29, '2013-11-08 23:09:28'),
(29, '2013-11-08 23:09:28'),
(29, '2013-11-08 23:09:28'),
(29, '2013-11-08 23:09:28'),
(29, '2013-11-08 23:09:28'),
(29, '2013-11-08 23:09:28'),
(29, '2013-11-08 23:09:28'),
(29, '2013-11-08 23:09:28'),
(29, '2013-11-08 23:09:28'),
(29, '2013-11-08 23:09:28'),
(29, '2013-11-08 23:09:28'),
(29, '2013-11-09 23:09:27'),
(29, '2013-11-09 23:09:27'),
(29, '2013-11-09 23:09:27'),
(29, '2013-11-09 23:09:27'),
(29, '2013-11-09 23:09:27'),
(29, '2013-11-09 23:09:27'),
(29, '2013-11-09 23:09:27'),
(29, '2013-11-09 23:09:27'),
(29, '2013-11-09 23:09:27'),
(29, '2013-11-09 23:09:27'),
(29, '2013-11-09 23:09:27'),
(29, '2013-11-09 23:09:27'),
(29, '2013-11-09 23:09:27'),
(29, '2013-11-09 23:09:27'),
(29, '2013-11-09 23:09:27'),
(29, '2013-11-09 23:09:27'),
(29, '2013-11-09 23:09:27'),
(29, '2013-11-09 23:09:27'),
(29, '2013-11-09 23:09:27'),
(29, '2013-11-09 23:09:27'),
(29, '2013-11-09 23:09:27'),
(29, '2013-11-09 23:09:27'),
(29, '2013-11-09 23:09:27'),
(29, '2013-11-09 23:09:27'),
(29, '2013-11-09 23:09:27'),
(29, '2013-11-09 23:09:27'),
(29, '2013-11-09 23:09:27'),
(29, '2013-11-09 23:09:27'),
(29, '2013-11-09 23:09:27'),
(29, '2013-11-09 23:09:27'),
(29, '2013-11-09 23:09:27'),
(29, '2013-11-09 23:09:27'),
(29, '2013-11-09 23:09:27'),
(29, '2013-11-09 23:09:27'),
(29, '2013-11-09 23:09:27'),
(29, '2013-11-09 23:09:27'),
(29, '2013-11-09 23:09:27'),
(29, '2013-11-09 23:09:27'),
(29, '2013-11-09 23:09:27'),
(29, '2013-11-09 23:09:28'),
(29, '2013-11-09 23:09:28'),
(29, '2013-11-09 23:09:28'),
(29, '2013-11-09 23:09:28'),
(29, '2013-11-09 23:09:28'),
(29, '2013-11-09 23:09:28'),
(29, '2013-11-09 23:09:28'),
(29, '2013-11-09 23:09:28'),
(29, '2013-11-09 23:09:28'),
(29, '2013-11-09 23:09:28'),
(29, '2013-11-09 23:09:28'),
(29, '2013-11-09 23:09:28'),
(29, '2013-11-09 23:09:28'),
(29, '2013-11-09 23:09:28'),
(29, '2013-11-09 23:09:28'),
(29, '2013-11-09 23:09:28'),
(29, '2013-11-09 23:09:28'),
(29, '2013-11-09 23:09:28'),
(29, '2013-11-09 23:09:28'),
(29, '2013-11-09 23:09:28'),
(29, '2013-11-09 23:09:28'),
(29, '2013-11-09 23:09:28'),
(29, '2013-11-09 23:09:28'),
(29, '2013-11-09 23:09:28'),
(29, '2013-11-09 23:09:28'),
(29, '2013-11-09 23:09:28'),
(29, '2013-11-09 23:09:28'),
(29, '2013-11-09 23:09:28'),
(29, '2013-11-09 23:09:28'),
(29, '2013-11-09 23:09:28'),
(29, '2013-11-09 23:09:28'),
(29, '2013-11-09 23:09:28'),
(29, '2013-11-09 23:09:28'),
(29, '2013-11-09 23:09:28'),
(29, '2013-11-09 23:09:28'),
(29, '2013-11-09 23:09:28'),
(29, '2013-11-09 23:09:28'),
(29, '2013-11-09 23:09:28'),
(29, '2013-11-09 23:09:28'),
(29, '2013-11-09 23:09:28'),
(29, '2013-11-09 23:09:28'),
(29, '2013-11-09 23:09:28'),
(29, '2013-11-09 23:09:28'),
(29, '2013-11-09 23:09:28'),
(29, '2013-11-09 23:09:28'),
(29, '2013-11-09 23:09:28'),
(29, '2013-11-09 23:09:28'),
(29, '2013-11-09 23:09:28'),
(29, '2013-11-09 23:09:28'),
(29, '2013-11-09 23:09:28'),
(29, '2013-11-10 23:09:27'),
(29, '2013-11-10 23:09:27'),
(29, '2013-11-10 23:09:27'),
(29, '2013-11-10 23:09:27'),
(29, '2013-11-10 23:09:27'),
(29, '2013-11-10 23:09:27'),
(29, '2013-11-10 23:09:27'),
(29, '2013-11-10 23:09:27'),
(29, '2013-11-10 23:09:27'),
(29, '2013-11-10 23:09:27'),
(29, '2013-11-10 23:09:27'),
(29, '2013-11-10 23:09:27'),
(29, '2013-11-10 23:09:27'),
(29, '2013-11-10 23:09:27'),
(29, '2013-11-10 23:09:27'),
(29, '2013-11-10 23:09:27'),
(29, '2013-11-10 23:09:27'),
(29, '2013-11-10 23:09:27'),
(29, '2013-11-10 23:09:27'),
(29, '2013-11-10 23:09:27'),
(29, '2013-11-10 23:09:27'),
(29, '2013-11-10 23:09:27'),
(29, '2013-11-10 23:09:27'),
(29, '2013-11-10 23:09:27'),
(29, '2013-11-10 23:09:27'),
(29, '2013-11-10 23:09:27'),
(29, '2013-11-10 23:09:27'),
(29, '2013-11-10 23:09:27'),
(29, '2013-11-10 23:09:27'),
(29, '2013-11-10 23:09:27'),
(29, '2013-11-10 23:09:27'),
(29, '2013-11-10 23:09:27'),
(29, '2013-11-10 23:09:27'),
(29, '2013-11-10 23:09:27'),
(29, '2013-11-10 23:09:27'),
(29, '2013-11-10 23:09:27'),
(29, '2013-11-10 23:09:27'),
(29, '2013-11-10 23:09:28'),
(29, '2013-11-10 23:09:28'),
(29, '2013-11-10 23:09:28'),
(29, '2013-11-10 23:09:28'),
(29, '2013-11-10 23:09:28'),
(29, '2013-11-10 23:09:28'),
(29, '2013-11-10 23:09:28'),
(29, '2013-11-10 23:09:28'),
(29, '2013-11-10 23:09:28'),
(29, '2013-11-10 23:09:28'),
(29, '2013-11-10 23:09:28'),
(29, '2013-11-10 23:09:28');
INSERT INTO `downloads` (`application_id`, `created`) VALUES
(29, '2013-11-10 23:09:28'),
(29, '2013-11-10 23:09:28'),
(29, '2013-11-10 23:09:28'),
(29, '2013-11-10 23:09:28'),
(29, '2013-11-10 23:09:28'),
(29, '2013-11-10 23:09:28'),
(29, '2013-11-10 23:09:28'),
(29, '2013-11-10 23:09:28'),
(29, '2013-11-10 23:09:28'),
(29, '2013-11-10 23:09:28'),
(29, '2013-11-10 23:09:28'),
(29, '2013-11-10 23:09:28'),
(29, '2013-11-10 23:09:28'),
(29, '2013-11-10 23:09:28'),
(29, '2013-11-10 23:09:28'),
(29, '2013-11-10 23:09:28'),
(29, '2013-11-10 23:09:28'),
(29, '2013-11-10 23:09:28'),
(29, '2013-11-10 23:09:28'),
(29, '2013-11-10 23:09:28'),
(29, '2013-11-10 23:09:28'),
(29, '2013-11-10 23:09:28'),
(29, '2013-11-10 23:09:28'),
(29, '2013-11-10 23:09:28'),
(29, '2013-11-10 23:09:28'),
(29, '2013-11-10 23:09:28'),
(29, '2013-11-10 23:09:28'),
(29, '2013-11-10 23:09:28'),
(29, '2013-11-10 23:09:28'),
(29, '2013-11-10 23:09:28'),
(29, '2013-11-10 23:09:28'),
(29, '2013-11-10 23:09:28'),
(29, '2013-11-10 23:09:28'),
(29, '2013-11-10 23:09:28'),
(29, '2013-11-10 23:09:28'),
(29, '2013-11-11 23:09:27'),
(29, '2013-11-11 23:09:27'),
(29, '2013-11-11 23:09:27'),
(29, '2013-11-11 23:09:27'),
(29, '2013-11-11 23:09:27'),
(29, '2013-11-11 23:09:27'),
(29, '2013-11-11 23:09:27'),
(29, '2013-11-11 23:09:27'),
(29, '2013-11-11 23:09:27'),
(29, '2013-11-11 23:09:27'),
(29, '2013-11-11 23:09:27'),
(29, '2013-11-11 23:09:27'),
(29, '2013-11-11 23:09:27'),
(29, '2013-11-11 23:09:27'),
(29, '2013-11-11 23:09:27'),
(29, '2013-11-11 23:09:27'),
(29, '2013-11-11 23:09:27'),
(29, '2013-11-11 23:09:27'),
(29, '2013-11-11 23:09:27'),
(29, '2013-11-11 23:09:27'),
(29, '2013-11-11 23:09:27'),
(29, '2013-11-11 23:09:27'),
(29, '2013-11-11 23:09:27'),
(29, '2013-11-11 23:09:27'),
(29, '2013-11-11 23:09:27'),
(29, '2013-11-11 23:09:28'),
(29, '2013-11-11 23:09:28'),
(29, '2013-11-11 23:09:28'),
(29, '2013-11-11 23:09:28'),
(29, '2013-11-11 23:09:28'),
(29, '2013-11-11 23:09:28'),
(29, '2013-11-11 23:09:28'),
(29, '2013-11-11 23:09:28'),
(29, '2013-11-11 23:09:28'),
(29, '2013-11-11 23:09:28'),
(29, '2013-11-11 23:09:28'),
(29, '2013-11-11 23:09:28'),
(29, '2013-11-11 23:09:28'),
(29, '2013-11-11 23:09:28'),
(29, '2013-11-11 23:09:28'),
(29, '2013-11-11 23:09:28'),
(29, '2013-11-11 23:09:28'),
(29, '2013-11-11 23:09:28'),
(29, '2013-11-11 23:09:28'),
(29, '2013-11-11 23:09:28'),
(29, '2013-11-11 23:09:28'),
(29, '2013-11-11 23:09:28'),
(29, '2013-11-11 23:09:28'),
(29, '2013-11-11 23:09:28'),
(29, '2013-11-11 23:09:28'),
(29, '2013-11-11 23:09:28'),
(29, '2013-11-11 23:09:28'),
(29, '2013-11-11 23:09:28'),
(29, '2013-11-11 23:09:28'),
(29, '2013-11-11 23:09:28'),
(29, '2013-11-11 23:09:28'),
(29, '2013-11-11 23:09:28'),
(29, '2013-11-11 23:09:28'),
(29, '2013-11-11 23:09:28'),
(29, '2013-11-11 23:09:28'),
(29, '2013-11-11 23:09:28'),
(29, '2013-11-11 23:09:28'),
(29, '2013-11-11 23:09:28'),
(29, '2013-11-11 23:09:28'),
(29, '2013-11-11 23:09:28'),
(29, '2013-11-11 23:09:28'),
(29, '2013-11-11 23:09:28'),
(29, '2013-11-11 23:09:28'),
(29, '2013-11-11 23:09:28'),
(29, '2013-11-11 23:09:28'),
(29, '2013-11-11 23:09:28'),
(29, '2013-11-11 23:09:28'),
(29, '2013-11-12 23:09:27'),
(29, '2013-11-12 23:09:27'),
(29, '2013-11-12 23:09:27'),
(29, '2013-11-12 23:09:27'),
(29, '2013-11-12 23:09:27'),
(29, '2013-11-12 23:09:27'),
(29, '2013-11-12 23:09:27'),
(29, '2013-11-12 23:09:27'),
(29, '2013-11-12 23:09:27'),
(29, '2013-11-12 23:09:27'),
(29, '2013-11-12 23:09:27'),
(29, '2013-11-12 23:09:27'),
(29, '2013-11-12 23:09:27'),
(29, '2013-11-12 23:09:27'),
(29, '2013-11-12 23:09:27'),
(29, '2013-11-12 23:09:27'),
(29, '2013-11-12 23:09:27'),
(29, '2013-11-12 23:09:27'),
(29, '2013-11-12 23:09:27'),
(29, '2013-11-12 23:09:27'),
(29, '2013-11-12 23:09:27'),
(29, '2013-11-12 23:09:27'),
(29, '2013-11-12 23:09:27'),
(29, '2013-11-12 23:09:27'),
(29, '2013-11-12 23:09:27'),
(29, '2013-11-12 23:09:27'),
(29, '2013-11-12 23:09:27'),
(29, '2013-11-12 23:09:27'),
(29, '2013-11-12 23:09:27'),
(29, '2013-11-12 23:09:27'),
(29, '2013-11-12 23:09:27'),
(29, '2013-11-12 23:09:27'),
(29, '2013-11-12 23:09:27'),
(29, '2013-11-12 23:09:27'),
(29, '2013-11-12 23:09:27'),
(29, '2013-11-12 23:09:27'),
(29, '2013-11-12 23:09:27'),
(29, '2013-11-12 23:09:27'),
(29, '2013-11-12 23:09:27'),
(29, '2013-11-12 23:09:27'),
(29, '2013-11-12 23:09:27'),
(29, '2013-11-12 23:09:28'),
(29, '2013-11-12 23:09:28'),
(29, '2013-11-12 23:09:28'),
(29, '2013-11-12 23:09:28'),
(29, '2013-11-12 23:09:28'),
(29, '2013-11-12 23:09:28'),
(29, '2013-11-12 23:09:28'),
(29, '2013-11-12 23:09:28'),
(29, '2013-11-12 23:09:28'),
(29, '2013-11-12 23:09:28'),
(29, '2013-11-12 23:09:28'),
(29, '2013-11-12 23:09:28'),
(29, '2013-11-12 23:09:28'),
(29, '2013-11-12 23:09:28'),
(29, '2013-11-12 23:09:28'),
(29, '2013-11-12 23:09:28'),
(29, '2013-11-12 23:09:28'),
(29, '2013-11-12 23:09:28'),
(29, '2013-11-12 23:09:28'),
(29, '2013-11-12 23:09:28'),
(29, '2013-11-12 23:09:28'),
(29, '2013-11-12 23:09:28'),
(29, '2013-11-12 23:09:28'),
(29, '2013-11-12 23:09:28'),
(29, '2013-11-12 23:09:28'),
(29, '2013-11-12 23:09:28'),
(29, '2013-11-12 23:09:28'),
(29, '2013-11-12 23:09:28'),
(29, '2013-11-12 23:09:28'),
(29, '2013-11-12 23:09:28'),
(29, '2013-11-12 23:09:28'),
(29, '2013-11-12 23:09:28'),
(29, '2013-11-12 23:09:28'),
(29, '2013-11-12 23:09:28'),
(29, '2013-11-12 23:09:28'),
(29, '2013-11-12 23:09:28'),
(29, '2013-11-12 23:09:28'),
(29, '2013-11-12 23:09:28'),
(29, '2013-11-12 23:09:28'),
(29, '2013-11-12 23:09:28'),
(29, '2013-11-12 23:09:28'),
(29, '2013-11-12 23:09:28'),
(29, '2013-11-12 23:09:28'),
(29, '2013-11-12 23:09:28'),
(29, '2013-11-12 23:09:28'),
(29, '2013-11-12 23:09:28'),
(29, '2013-11-12 23:09:28'),
(29, '2013-11-12 23:09:28'),
(29, '2013-11-12 23:09:28'),
(29, '2013-11-12 23:09:28'),
(29, '2013-11-12 23:09:28'),
(29, '2013-11-12 23:09:28'),
(29, '2013-11-12 23:09:28'),
(29, '2013-11-12 23:09:28'),
(29, '2013-11-12 23:09:28'),
(29, '2013-11-12 23:09:28'),
(29, '2013-11-12 23:09:28'),
(29, '2013-11-12 23:09:28'),
(29, '2013-11-12 23:09:28'),
(29, '2013-11-12 23:09:28'),
(29, '2013-11-12 23:09:28'),
(29, '2013-11-13 23:09:27'),
(29, '2013-11-13 23:09:27'),
(29, '2013-11-13 23:09:27'),
(29, '2013-11-13 23:09:27'),
(29, '2013-11-13 23:09:27'),
(29, '2013-11-13 23:09:27'),
(29, '2013-11-13 23:09:27'),
(29, '2013-11-13 23:09:27'),
(29, '2013-11-13 23:09:27'),
(29, '2013-11-13 23:09:27'),
(29, '2013-11-13 23:09:27'),
(29, '2013-11-13 23:09:27'),
(29, '2013-11-13 23:09:27'),
(29, '2013-11-13 23:09:27'),
(29, '2013-11-13 23:09:27'),
(29, '2013-11-13 23:09:27'),
(29, '2013-11-13 23:09:27'),
(29, '2013-11-13 23:09:27'),
(29, '2013-11-13 23:09:27'),
(29, '2013-11-13 23:09:27'),
(29, '2013-11-13 23:09:27'),
(29, '2013-11-13 23:09:27'),
(29, '2013-11-13 23:09:27'),
(29, '2013-11-13 23:09:27'),
(29, '2013-11-13 23:09:27'),
(29, '2013-11-13 23:09:28'),
(29, '2013-11-13 23:09:28'),
(29, '2013-11-13 23:09:28'),
(29, '2013-11-13 23:09:28'),
(29, '2013-11-13 23:09:28'),
(29, '2013-11-13 23:09:28'),
(29, '2013-11-13 23:09:28'),
(29, '2013-11-13 23:09:28'),
(29, '2013-11-13 23:09:28'),
(29, '2013-11-13 23:09:28'),
(29, '2013-11-13 23:09:28'),
(29, '2013-11-13 23:09:28'),
(29, '2013-11-13 23:09:28'),
(29, '2013-11-13 23:09:28'),
(29, '2013-11-13 23:09:28'),
(29, '2013-11-13 23:09:28'),
(29, '2013-11-13 23:09:28'),
(29, '2013-11-13 23:09:28'),
(29, '2013-11-13 23:09:28'),
(29, '2013-11-13 23:09:28'),
(29, '2013-11-13 23:09:28'),
(29, '2013-11-13 23:09:28'),
(29, '2013-11-13 23:09:28'),
(29, '2013-11-13 23:09:28'),
(29, '2013-11-13 23:09:28'),
(29, '2013-11-13 23:09:28'),
(29, '2013-11-13 23:09:28'),
(29, '2013-11-13 23:09:28'),
(29, '2013-11-13 23:09:28'),
(29, '2013-11-13 23:09:28'),
(29, '2013-11-13 23:09:28'),
(29, '2013-11-13 23:09:28'),
(29, '2013-11-13 23:09:28'),
(29, '2013-11-13 23:09:28'),
(29, '2013-11-13 23:09:28'),
(29, '2013-11-13 23:09:28'),
(29, '2013-11-13 23:09:28'),
(29, '2013-11-13 23:09:28'),
(29, '2013-11-13 23:09:28'),
(29, '2013-11-13 23:09:28'),
(29, '2013-11-13 23:09:28'),
(29, '2013-11-13 23:09:28'),
(29, '2013-11-13 23:09:28'),
(29, '2013-11-13 23:09:28'),
(29, '2013-11-13 23:09:28'),
(29, '2013-11-13 23:09:28'),
(29, '2013-11-13 23:09:28'),
(29, '2013-11-13 23:09:28'),
(29, '2013-11-13 23:09:28'),
(29, '2013-11-13 23:09:28'),
(29, '2013-11-13 23:09:28'),
(29, '2013-11-13 23:09:28'),
(29, '2013-11-13 23:09:28'),
(29, '2013-11-13 23:09:28'),
(29, '2013-11-13 23:09:28'),
(29, '2013-11-13 23:09:28'),
(29, '2013-11-13 23:09:28'),
(29, '2013-11-13 23:09:28'),
(29, '2013-11-13 23:09:28'),
(29, '2013-11-13 23:09:28'),
(29, '2013-11-13 23:09:28'),
(29, '2013-11-14 23:09:27'),
(29, '2013-11-14 23:09:27'),
(29, '2013-11-14 23:09:27'),
(29, '2013-11-14 23:09:27'),
(29, '2013-11-14 23:09:27'),
(29, '2013-11-14 23:09:27'),
(29, '2013-11-14 23:09:27'),
(29, '2013-11-14 23:09:27'),
(29, '2013-11-14 23:09:27'),
(29, '2013-11-14 23:09:27'),
(29, '2013-11-14 23:09:27'),
(29, '2013-11-14 23:09:27'),
(29, '2013-11-14 23:09:27'),
(29, '2013-11-14 23:09:27'),
(29, '2013-11-14 23:09:27'),
(29, '2013-11-14 23:09:27'),
(29, '2013-11-14 23:09:27'),
(29, '2013-11-14 23:09:27'),
(29, '2013-11-14 23:09:27'),
(29, '2013-11-14 23:09:27'),
(29, '2013-11-14 23:09:27'),
(29, '2013-11-14 23:09:27'),
(29, '2013-11-14 23:09:27'),
(29, '2013-11-14 23:09:27'),
(29, '2013-11-14 23:09:27'),
(29, '2013-11-14 23:09:27'),
(29, '2013-11-14 23:09:27'),
(29, '2013-11-14 23:09:27'),
(29, '2013-11-14 23:09:27'),
(29, '2013-11-14 23:09:27'),
(29, '2013-11-14 23:09:27'),
(29, '2013-11-14 23:09:27'),
(29, '2013-11-14 23:09:27'),
(29, '2013-11-14 23:09:27'),
(29, '2013-11-14 23:09:27'),
(29, '2013-11-14 23:09:27'),
(29, '2013-11-14 23:09:27'),
(29, '2013-11-14 23:09:27'),
(29, '2013-11-14 23:09:27'),
(29, '2013-11-14 23:09:27'),
(29, '2013-11-14 23:09:27'),
(29, '2013-11-14 23:09:27'),
(29, '2013-11-14 23:09:27'),
(29, '2013-11-14 23:09:27'),
(29, '2013-11-14 23:09:27'),
(29, '2013-11-14 23:09:27'),
(29, '2013-11-14 23:09:27'),
(29, '2013-11-14 23:09:27'),
(29, '2013-11-14 23:09:27'),
(29, '2013-11-14 23:09:27'),
(29, '2013-11-14 23:09:27'),
(29, '2013-11-14 23:09:27'),
(29, '2013-11-14 23:09:27'),
(29, '2013-11-14 23:09:27'),
(29, '2013-11-14 23:09:27'),
(29, '2013-11-14 23:09:27'),
(29, '2013-11-14 23:09:27'),
(29, '2013-11-14 23:09:27'),
(29, '2013-11-14 23:09:27'),
(29, '2013-11-14 23:09:27'),
(29, '2013-11-14 23:09:27'),
(29, '2013-11-14 23:09:27'),
(29, '2013-11-14 23:09:27'),
(29, '2013-11-14 23:09:27'),
(29, '2013-11-14 23:09:27'),
(29, '2013-11-14 23:09:27'),
(29, '2013-11-14 23:09:27'),
(29, '2013-11-14 23:09:27'),
(29, '2013-11-14 23:09:28'),
(29, '2013-11-14 23:09:28'),
(29, '2013-11-14 23:09:28'),
(29, '2013-11-14 23:09:28'),
(29, '2013-11-14 23:09:28'),
(29, '2013-11-14 23:09:28'),
(29, '2013-11-14 23:09:28'),
(29, '2013-11-14 23:09:28'),
(29, '2013-11-14 23:09:28'),
(29, '2013-11-14 23:09:28'),
(29, '2013-11-14 23:09:28'),
(29, '2013-11-14 23:09:28'),
(29, '2013-11-14 23:09:28'),
(29, '2013-11-14 23:09:28'),
(29, '2013-11-14 23:09:28'),
(29, '2013-11-14 23:09:28'),
(29, '2013-11-14 23:09:28'),
(29, '2013-11-14 23:09:28'),
(29, '2013-11-14 23:09:28'),
(29, '2013-11-14 23:09:28'),
(29, '2013-11-14 23:09:28'),
(29, '2013-11-14 23:09:28'),
(29, '2013-11-14 23:09:28'),
(29, '2013-11-14 23:09:28'),
(29, '2013-11-14 23:09:28'),
(29, '2013-11-14 23:09:28'),
(29, '2013-11-14 23:09:28'),
(29, '2013-11-14 23:09:28'),
(29, '2013-11-14 23:09:28'),
(29, '2013-11-14 23:09:28'),
(29, '2013-11-14 23:09:28'),
(29, '2013-11-14 23:09:28'),
(29, '2013-11-14 23:09:28'),
(29, '2013-11-14 23:09:28'),
(29, '2013-11-14 23:09:28'),
(29, '2013-11-14 23:09:28'),
(29, '2013-11-14 23:09:28'),
(29, '2013-11-14 23:09:28'),
(29, '2013-11-14 23:09:28'),
(29, '2013-11-15 23:09:27'),
(29, '2013-11-15 23:09:27'),
(29, '2013-11-15 23:09:27'),
(29, '2013-11-15 23:09:27'),
(29, '2013-11-15 23:09:27'),
(29, '2013-11-15 23:09:27'),
(29, '2013-11-15 23:09:27'),
(29, '2013-11-15 23:09:27'),
(29, '2013-11-15 23:09:27'),
(29, '2013-11-15 23:09:27'),
(29, '2013-11-15 23:09:27'),
(29, '2013-11-15 23:09:27'),
(29, '2013-11-15 23:09:27'),
(29, '2013-11-15 23:09:27'),
(29, '2013-11-15 23:09:27'),
(29, '2013-11-15 23:09:27'),
(29, '2013-11-15 23:09:27'),
(29, '2013-11-15 23:09:27'),
(29, '2013-11-15 23:09:27'),
(29, '2013-11-15 23:09:27'),
(29, '2013-11-15 23:09:27'),
(29, '2013-11-15 23:09:27'),
(29, '2013-11-15 23:09:27'),
(29, '2013-11-15 23:09:27'),
(29, '2013-11-15 23:09:27'),
(29, '2013-11-15 23:09:27'),
(29, '2013-11-15 23:09:27'),
(29, '2013-11-15 23:09:27'),
(29, '2013-11-15 23:09:27'),
(29, '2013-11-15 23:09:27'),
(29, '2013-11-15 23:09:27'),
(29, '2013-11-15 23:09:27'),
(29, '2013-11-15 23:09:27'),
(29, '2013-11-15 23:09:27'),
(29, '2013-11-15 23:09:27'),
(29, '2013-11-15 23:09:27'),
(29, '2013-11-15 23:09:27'),
(29, '2013-11-15 23:09:27'),
(29, '2013-11-15 23:09:27'),
(29, '2013-11-15 23:09:27'),
(29, '2013-11-15 23:09:27'),
(29, '2013-11-15 23:09:27'),
(29, '2013-11-15 23:09:27'),
(29, '2013-11-15 23:09:27'),
(29, '2013-11-15 23:09:27'),
(29, '2013-11-15 23:09:27'),
(29, '2013-11-15 23:09:27'),
(29, '2013-11-15 23:09:27'),
(29, '2013-11-15 23:09:27'),
(29, '2013-11-15 23:09:27'),
(29, '2013-11-15 23:09:27'),
(29, '2013-11-15 23:09:27'),
(29, '2013-11-15 23:09:27'),
(29, '2013-11-15 23:09:27'),
(29, '2013-11-15 23:09:28'),
(29, '2013-11-15 23:09:28'),
(29, '2013-11-15 23:09:28'),
(29, '2013-11-15 23:09:28'),
(29, '2013-11-15 23:09:28'),
(29, '2013-11-15 23:09:28'),
(29, '2013-11-15 23:09:28'),
(29, '2013-11-15 23:09:28'),
(29, '2013-11-15 23:09:28'),
(29, '2013-11-15 23:09:28'),
(29, '2013-11-15 23:09:28'),
(29, '2013-11-15 23:09:28'),
(29, '2013-11-15 23:09:28'),
(29, '2013-11-15 23:09:28'),
(29, '2013-11-15 23:09:28'),
(29, '2013-11-15 23:09:28'),
(29, '2013-11-15 23:09:28'),
(29, '2013-11-15 23:09:28'),
(29, '2013-11-15 23:09:28'),
(29, '2013-11-15 23:09:28'),
(29, '2013-11-15 23:09:28'),
(29, '2013-11-15 23:09:28'),
(29, '2013-11-15 23:09:28'),
(29, '2013-11-15 23:09:28'),
(29, '2013-11-15 23:09:28'),
(29, '2013-11-15 23:09:28'),
(29, '2013-11-15 23:09:28'),
(29, '2013-11-15 23:09:28'),
(29, '2013-11-15 23:09:28'),
(29, '2013-11-15 23:09:28'),
(29, '2013-11-15 23:09:28'),
(29, '2013-11-15 23:09:28'),
(29, '2013-11-15 23:09:28'),
(29, '2013-11-15 23:09:28'),
(29, '2013-11-15 23:09:28'),
(29, '2013-11-15 23:09:28'),
(29, '2013-11-15 23:09:28'),
(29, '2013-11-15 23:09:28'),
(29, '2013-11-15 23:09:28'),
(29, '2013-11-15 23:09:28'),
(29, '2013-11-15 23:09:28'),
(29, '2013-11-15 23:09:28'),
(29, '2013-11-15 23:09:28'),
(29, '2013-11-15 23:09:28'),
(29, '2013-11-15 23:09:28'),
(29, '2013-11-15 23:09:28'),
(29, '2013-11-15 23:09:28'),
(29, '2013-11-15 23:09:28'),
(29, '2013-11-15 23:09:28'),
(29, '2013-11-15 23:09:28'),
(29, '2013-11-15 23:09:28'),
(29, '2013-11-15 23:09:28'),
(29, '2013-11-15 23:09:28'),
(29, '2013-11-15 23:09:28'),
(29, '2013-11-15 23:09:28'),
(29, '2013-11-15 23:09:28'),
(29, '2013-11-15 23:09:28'),
(29, '2013-11-15 23:09:28'),
(29, '2013-11-15 23:09:28'),
(29, '2013-11-15 23:09:28'),
(29, '2013-11-15 23:09:28'),
(29, '2013-11-16 23:09:27'),
(29, '2013-11-16 23:09:27'),
(29, '2013-11-16 23:09:27'),
(29, '2013-11-16 23:09:27'),
(29, '2013-11-16 23:09:27'),
(29, '2013-11-16 23:09:27'),
(29, '2013-11-16 23:09:27'),
(29, '2013-11-16 23:09:27'),
(29, '2013-11-16 23:09:27'),
(29, '2013-11-16 23:09:27'),
(29, '2013-11-16 23:09:27'),
(29, '2013-11-16 23:09:27'),
(29, '2013-11-16 23:09:27'),
(29, '2013-11-16 23:09:27'),
(29, '2013-11-16 23:09:27'),
(29, '2013-11-16 23:09:27'),
(29, '2013-11-16 23:09:27'),
(29, '2013-11-16 23:09:27'),
(29, '2013-11-16 23:09:27'),
(29, '2013-11-16 23:09:27'),
(29, '2013-11-16 23:09:27'),
(29, '2013-11-16 23:09:27'),
(29, '2013-11-16 23:09:27'),
(29, '2013-11-16 23:09:27'),
(29, '2013-11-16 23:09:27'),
(29, '2013-11-16 23:09:27'),
(29, '2013-11-16 23:09:27'),
(29, '2013-11-16 23:09:27'),
(29, '2013-11-16 23:09:27'),
(29, '2013-11-16 23:09:27'),
(29, '2013-11-16 23:09:27'),
(29, '2013-11-16 23:09:27'),
(29, '2013-11-16 23:09:27'),
(29, '2013-11-16 23:09:27'),
(29, '2013-11-16 23:09:27'),
(29, '2013-11-16 23:09:27'),
(29, '2013-11-16 23:09:27'),
(29, '2013-11-16 23:09:27'),
(29, '2013-11-16 23:09:27'),
(29, '2013-11-16 23:09:27'),
(29, '2013-11-16 23:09:27'),
(29, '2013-11-16 23:09:27'),
(29, '2013-11-16 23:09:27'),
(29, '2013-11-16 23:09:27'),
(29, '2013-11-16 23:09:27'),
(29, '2013-11-16 23:09:27'),
(29, '2013-11-16 23:09:27'),
(29, '2013-11-16 23:09:28'),
(29, '2013-11-16 23:09:28'),
(29, '2013-11-16 23:09:28'),
(29, '2013-11-16 23:09:28'),
(29, '2013-11-16 23:09:28'),
(29, '2013-11-16 23:09:28'),
(29, '2013-11-16 23:09:28'),
(29, '2013-11-16 23:09:28'),
(29, '2013-11-16 23:09:28'),
(29, '2013-11-16 23:09:28'),
(29, '2013-11-16 23:09:28'),
(29, '2013-11-16 23:09:28'),
(29, '2013-11-16 23:09:28'),
(29, '2013-11-16 23:09:28'),
(29, '2013-11-16 23:09:28'),
(29, '2013-11-16 23:09:28'),
(29, '2013-11-16 23:09:28'),
(29, '2013-11-16 23:09:28'),
(29, '2013-11-16 23:09:28'),
(29, '2013-11-16 23:09:28'),
(29, '2013-11-16 23:09:28'),
(29, '2013-11-16 23:09:28'),
(29, '2013-11-16 23:09:28'),
(29, '2013-11-16 23:09:28'),
(29, '2013-11-16 23:09:28'),
(29, '2013-11-16 23:09:28'),
(29, '2013-11-16 23:09:28'),
(29, '2013-11-16 23:09:28'),
(29, '2013-11-16 23:09:28'),
(29, '2013-11-16 23:09:28'),
(29, '2013-11-16 23:09:28'),
(29, '2013-11-16 23:09:28'),
(29, '2013-11-16 23:09:28'),
(29, '2013-11-16 23:09:28'),
(29, '2013-11-16 23:09:28'),
(29, '2013-11-16 23:09:28'),
(29, '2013-11-16 23:09:28'),
(29, '2013-11-16 23:09:28'),
(29, '2013-11-16 23:09:28'),
(29, '2013-11-16 23:09:28'),
(29, '2013-11-16 23:09:28'),
(29, '2013-11-16 23:09:28'),
(29, '2013-11-16 23:09:28'),
(29, '2013-11-16 23:09:28'),
(29, '2013-11-16 23:09:28'),
(29, '2013-11-16 23:09:28'),
(29, '2013-11-16 23:09:28'),
(29, '2013-11-16 23:09:28'),
(29, '2013-11-16 23:09:28'),
(29, '2013-11-16 23:09:28'),
(29, '2013-11-16 23:09:28'),
(29, '2013-11-17 23:09:27'),
(29, '2013-11-17 23:09:27'),
(29, '2013-11-17 23:09:27'),
(29, '2013-11-17 23:09:27'),
(29, '2013-11-17 23:09:27'),
(29, '2013-11-17 23:09:27'),
(29, '2013-11-17 23:09:27'),
(29, '2013-11-17 23:09:27'),
(29, '2013-11-17 23:09:27'),
(29, '2013-11-17 23:09:27'),
(29, '2013-11-17 23:09:27'),
(29, '2013-11-17 23:09:27'),
(29, '2013-11-17 23:09:27'),
(29, '2013-11-17 23:09:27'),
(29, '2013-11-17 23:09:27'),
(29, '2013-11-17 23:09:27'),
(29, '2013-11-17 23:09:27'),
(29, '2013-11-17 23:09:27'),
(29, '2013-11-17 23:09:27'),
(29, '2013-11-17 23:09:27'),
(29, '2013-11-17 23:09:27'),
(29, '2013-11-17 23:09:27'),
(29, '2013-11-17 23:09:27'),
(29, '2013-11-17 23:09:27'),
(29, '2013-11-17 23:09:27'),
(29, '2013-11-17 23:09:27'),
(29, '2013-11-17 23:09:27'),
(29, '2013-11-17 23:09:27'),
(29, '2013-11-17 23:09:27'),
(29, '2013-11-17 23:09:27'),
(29, '2013-11-17 23:09:27'),
(29, '2013-11-17 23:09:27'),
(29, '2013-11-17 23:09:27'),
(29, '2013-11-17 23:09:27'),
(29, '2013-11-17 23:09:27'),
(29, '2013-11-17 23:09:27'),
(29, '2013-11-17 23:09:27'),
(29, '2013-11-17 23:09:27'),
(29, '2013-11-17 23:09:27'),
(29, '2013-11-17 23:09:27'),
(29, '2013-11-17 23:09:27'),
(29, '2013-11-17 23:09:27'),
(29, '2013-11-17 23:09:27'),
(29, '2013-11-17 23:09:27'),
(29, '2013-11-17 23:09:27'),
(29, '2013-11-17 23:09:27'),
(29, '2013-11-17 23:09:27'),
(29, '2013-11-17 23:09:27'),
(29, '2013-11-17 23:09:27'),
(29, '2013-11-17 23:09:27'),
(29, '2013-11-17 23:09:27'),
(29, '2013-11-17 23:09:27'),
(29, '2013-11-17 23:09:27'),
(29, '2013-11-17 23:09:27'),
(29, '2013-11-17 23:09:27'),
(29, '2013-11-17 23:09:28'),
(29, '2013-11-17 23:09:28'),
(29, '2013-11-17 23:09:28'),
(29, '2013-11-17 23:09:28'),
(29, '2013-11-17 23:09:28'),
(29, '2013-11-17 23:09:28'),
(29, '2013-11-17 23:09:28'),
(29, '2013-11-17 23:09:28'),
(29, '2013-11-17 23:09:28'),
(29, '2013-11-17 23:09:28'),
(29, '2013-11-17 23:09:28'),
(29, '2013-11-17 23:09:28'),
(29, '2013-11-17 23:09:28'),
(29, '2013-11-17 23:09:28'),
(29, '2013-11-17 23:09:28'),
(29, '2013-11-17 23:09:28'),
(29, '2013-11-17 23:09:28'),
(29, '2013-11-17 23:09:28'),
(29, '2013-11-17 23:09:28'),
(29, '2013-11-17 23:09:28'),
(29, '2013-11-17 23:09:28'),
(29, '2013-11-17 23:09:28'),
(29, '2013-11-17 23:09:28'),
(29, '2013-11-17 23:09:28'),
(29, '2013-11-17 23:09:28'),
(29, '2013-11-17 23:09:28'),
(29, '2013-11-17 23:09:28'),
(29, '2013-11-17 23:09:28'),
(29, '2013-11-17 23:09:28'),
(29, '2013-11-17 23:09:28'),
(29, '2013-11-17 23:09:28'),
(29, '2013-11-17 23:09:28'),
(29, '2013-11-17 23:09:28'),
(29, '2013-11-17 23:09:28'),
(29, '2013-11-17 23:09:28'),
(29, '2013-11-17 23:09:28'),
(29, '2013-11-17 23:09:28'),
(29, '2013-11-17 23:09:28'),
(29, '2013-11-17 23:09:28'),
(29, '2013-11-17 23:09:28'),
(29, '2013-11-17 23:09:28'),
(29, '2013-11-17 23:09:28'),
(29, '2013-11-17 23:09:28'),
(29, '2013-11-17 23:09:28'),
(29, '2013-11-17 23:09:28'),
(29, '2013-11-18 23:09:27'),
(29, '2013-11-18 23:09:27'),
(29, '2013-11-18 23:09:27'),
(29, '2013-11-18 23:09:27'),
(29, '2013-11-18 23:09:27'),
(29, '2013-11-18 23:09:27'),
(29, '2013-11-18 23:09:27'),
(29, '2013-11-18 23:09:27'),
(29, '2013-11-18 23:09:27'),
(29, '2013-11-18 23:09:27'),
(29, '2013-11-18 23:09:27'),
(29, '2013-11-18 23:09:27'),
(29, '2013-11-18 23:09:27'),
(29, '2013-11-18 23:09:27'),
(29, '2013-11-18 23:09:27'),
(29, '2013-11-18 23:09:27'),
(29, '2013-11-18 23:09:27'),
(29, '2013-11-18 23:09:27'),
(29, '2013-11-18 23:09:27'),
(29, '2013-11-18 23:09:27'),
(29, '2013-11-18 23:09:27'),
(29, '2013-11-18 23:09:27'),
(29, '2013-11-18 23:09:27'),
(29, '2013-11-18 23:09:27'),
(29, '2013-11-18 23:09:27'),
(29, '2013-11-18 23:09:27'),
(29, '2013-11-18 23:09:27'),
(29, '2013-11-18 23:09:27'),
(29, '2013-11-18 23:09:27'),
(29, '2013-11-18 23:09:27'),
(29, '2013-11-18 23:09:27'),
(29, '2013-11-18 23:09:27'),
(29, '2013-11-18 23:09:27'),
(29, '2013-11-18 23:09:27'),
(29, '2013-11-18 23:09:27'),
(29, '2013-11-18 23:09:27'),
(29, '2013-11-18 23:09:27'),
(29, '2013-11-18 23:09:27'),
(29, '2013-11-18 23:09:27'),
(29, '2013-11-18 23:09:27'),
(29, '2013-11-18 23:09:27'),
(29, '2013-11-18 23:09:27'),
(29, '2013-11-18 23:09:27'),
(29, '2013-11-18 23:09:27'),
(29, '2013-11-18 23:09:27'),
(29, '2013-11-18 23:09:27'),
(29, '2013-11-18 23:09:27'),
(29, '2013-11-18 23:09:27'),
(29, '2013-11-18 23:09:27'),
(29, '2013-11-18 23:09:27'),
(29, '2013-11-18 23:09:27'),
(29, '2013-11-18 23:09:27'),
(29, '2013-11-18 23:09:27'),
(29, '2013-11-18 23:09:27'),
(29, '2013-11-18 23:09:27'),
(29, '2013-11-18 23:09:27'),
(29, '2013-11-18 23:09:27'),
(29, '2013-11-18 23:09:27'),
(29, '2013-11-18 23:09:28'),
(29, '2013-11-18 23:09:28'),
(29, '2013-11-18 23:09:28'),
(29, '2013-11-18 23:09:28'),
(29, '2013-11-18 23:09:28'),
(29, '2013-11-18 23:09:28'),
(29, '2013-11-18 23:09:28'),
(29, '2013-11-18 23:09:28'),
(29, '2013-11-18 23:09:28'),
(29, '2013-11-18 23:09:28'),
(29, '2013-11-18 23:09:28'),
(29, '2013-11-18 23:09:28'),
(29, '2013-11-18 23:09:28'),
(29, '2013-11-18 23:09:28'),
(29, '2013-11-18 23:09:28'),
(29, '2013-11-18 23:09:28'),
(29, '2013-11-18 23:09:28'),
(29, '2013-11-18 23:09:28'),
(29, '2013-11-18 23:09:28'),
(29, '2013-11-18 23:09:28'),
(29, '2013-11-18 23:09:28'),
(29, '2013-11-18 23:09:28'),
(29, '2013-11-18 23:09:28'),
(29, '2013-11-18 23:09:28'),
(29, '2013-11-18 23:09:28'),
(29, '2013-11-18 23:09:28'),
(29, '2013-11-18 23:09:28'),
(29, '2013-11-18 23:09:28'),
(29, '2013-11-18 23:09:28'),
(29, '2013-11-18 23:09:28'),
(29, '2013-11-18 23:09:28'),
(29, '2013-11-18 23:09:28'),
(29, '2013-11-18 23:09:28'),
(29, '2013-11-18 23:09:28'),
(29, '2013-11-18 23:09:28'),
(29, '2013-11-18 23:09:28'),
(29, '2013-11-18 23:09:28'),
(29, '2013-11-18 23:09:28'),
(29, '2013-11-18 23:09:28'),
(29, '2013-11-18 23:09:28'),
(29, '2013-11-18 23:09:28'),
(29, '2013-11-18 23:09:28'),
(29, '2013-11-18 23:09:28'),
(29, '2013-11-18 23:09:28'),
(29, '2013-11-18 23:09:28'),
(29, '2013-11-19 23:09:27'),
(29, '2013-11-19 23:09:27'),
(29, '2013-11-19 23:09:27'),
(29, '2013-11-19 23:09:27'),
(29, '2013-11-19 23:09:27'),
(29, '2013-11-19 23:09:27'),
(29, '2013-11-19 23:09:27'),
(29, '2013-11-19 23:09:27'),
(29, '2013-11-19 23:09:27'),
(29, '2013-11-19 23:09:27'),
(29, '2013-11-19 23:09:27'),
(29, '2013-11-19 23:09:27'),
(29, '2013-11-19 23:09:27'),
(29, '2013-11-19 23:09:27'),
(29, '2013-11-19 23:09:27'),
(29, '2013-11-19 23:09:27'),
(29, '2013-11-19 23:09:27'),
(29, '2013-11-19 23:09:27'),
(29, '2013-11-19 23:09:27'),
(29, '2013-11-19 23:09:27'),
(29, '2013-11-19 23:09:27'),
(29, '2013-11-19 23:09:27'),
(29, '2013-11-19 23:09:27'),
(29, '2013-11-19 23:09:27'),
(29, '2013-11-19 23:09:27'),
(29, '2013-11-19 23:09:27'),
(29, '2013-11-19 23:09:27'),
(29, '2013-11-19 23:09:27'),
(29, '2013-11-19 23:09:27'),
(29, '2013-11-19 23:09:27'),
(29, '2013-11-19 23:09:27'),
(29, '2013-11-19 23:09:27'),
(29, '2013-11-19 23:09:27'),
(29, '2013-11-19 23:09:27'),
(29, '2013-11-19 23:09:27'),
(29, '2013-11-19 23:09:27'),
(29, '2013-11-19 23:09:27'),
(29, '2013-11-19 23:09:27'),
(29, '2013-11-19 23:09:27'),
(29, '2013-11-19 23:09:27'),
(29, '2013-11-19 23:09:28'),
(29, '2013-11-19 23:09:28'),
(29, '2013-11-19 23:09:28'),
(29, '2013-11-19 23:09:28'),
(29, '2013-11-19 23:09:28'),
(29, '2013-11-19 23:09:28'),
(29, '2013-11-19 23:09:28'),
(29, '2013-11-19 23:09:28'),
(29, '2013-11-19 23:09:28'),
(29, '2013-11-19 23:09:28'),
(29, '2013-11-19 23:09:28'),
(29, '2013-11-19 23:09:28'),
(29, '2013-11-19 23:09:28'),
(29, '2013-11-19 23:09:28'),
(29, '2013-11-19 23:09:28'),
(29, '2013-11-19 23:09:28'),
(29, '2013-11-19 23:09:28'),
(29, '2013-11-19 23:09:28'),
(29, '2013-11-19 23:09:28'),
(29, '2013-11-19 23:09:28'),
(29, '2013-11-19 23:09:28'),
(29, '2013-11-19 23:09:28'),
(29, '2013-11-19 23:09:28'),
(29, '2013-11-19 23:09:28'),
(29, '2013-11-19 23:09:28'),
(29, '2013-11-19 23:09:28'),
(29, '2013-11-19 23:09:28'),
(29, '2013-11-19 23:09:28'),
(29, '2013-11-19 23:09:28'),
(29, '2013-11-19 23:09:28'),
(29, '2013-11-19 23:09:28'),
(29, '2013-11-19 23:09:28'),
(29, '2013-11-19 23:09:28'),
(29, '2013-11-19 23:09:28'),
(29, '2013-11-19 23:09:28'),
(29, '2013-11-19 23:09:28'),
(29, '2013-11-19 23:09:28'),
(29, '2013-11-19 23:09:28'),
(29, '2013-11-19 23:09:28'),
(29, '2013-11-19 23:09:28'),
(29, '2013-11-19 23:09:28'),
(29, '2013-11-19 23:09:28'),
(29, '2013-11-19 23:09:28'),
(29, '2013-11-19 23:09:28'),
(29, '2013-11-19 23:09:28'),
(29, '2013-11-19 23:09:28'),
(29, '2013-11-19 23:09:28'),
(29, '2013-11-20 23:09:27'),
(29, '2013-11-20 23:09:27'),
(29, '2013-11-20 23:09:27'),
(29, '2013-11-20 23:09:27'),
(29, '2013-11-20 23:09:27'),
(29, '2013-11-20 23:09:27'),
(29, '2013-11-20 23:09:27'),
(29, '2013-11-20 23:09:27'),
(29, '2013-11-20 23:09:27'),
(29, '2013-11-20 23:09:27'),
(29, '2013-11-20 23:09:27'),
(29, '2013-11-20 23:09:27'),
(29, '2013-11-20 23:09:27'),
(29, '2013-11-20 23:09:27'),
(29, '2013-11-20 23:09:27'),
(29, '2013-11-20 23:09:27'),
(29, '2013-11-20 23:09:27'),
(29, '2013-11-20 23:09:27'),
(29, '2013-11-20 23:09:27'),
(29, '2013-11-20 23:09:27'),
(29, '2013-11-20 23:09:27'),
(29, '2013-11-20 23:09:27'),
(29, '2013-11-20 23:09:27'),
(29, '2013-11-20 23:09:27'),
(29, '2013-11-20 23:09:27'),
(29, '2013-11-20 23:09:27'),
(29, '2013-11-20 23:09:27'),
(29, '2013-11-20 23:09:27'),
(29, '2013-11-20 23:09:27'),
(29, '2013-11-20 23:09:27'),
(29, '2013-11-20 23:09:27'),
(29, '2013-11-20 23:09:27'),
(29, '2013-11-20 23:09:27'),
(29, '2013-11-20 23:09:27'),
(29, '2013-11-20 23:09:27'),
(29, '2013-11-20 23:09:27'),
(29, '2013-11-20 23:09:28'),
(29, '2013-11-20 23:09:28'),
(29, '2013-11-20 23:09:28'),
(29, '2013-11-20 23:09:28'),
(29, '2013-11-20 23:09:28'),
(29, '2013-11-20 23:09:28'),
(29, '2013-11-20 23:09:28'),
(29, '2013-11-20 23:09:28'),
(29, '2013-11-20 23:09:28'),
(29, '2013-11-20 23:09:28'),
(29, '2013-11-20 23:09:28'),
(29, '2013-11-20 23:09:28'),
(29, '2013-11-20 23:09:28'),
(29, '2013-11-20 23:09:28'),
(29, '2013-11-20 23:09:28'),
(29, '2013-11-20 23:09:28'),
(29, '2013-11-20 23:09:28'),
(29, '2013-11-20 23:09:28'),
(29, '2013-11-20 23:09:28'),
(29, '2013-11-20 23:09:28'),
(29, '2013-11-20 23:09:28'),
(29, '2013-11-20 23:09:28'),
(29, '2013-11-20 23:09:28'),
(29, '2013-11-20 23:09:28'),
(29, '2013-11-20 23:09:28'),
(29, '2013-11-20 23:09:28'),
(29, '2013-11-20 23:09:28'),
(29, '2013-11-20 23:09:28'),
(29, '2013-11-20 23:09:28'),
(29, '2013-11-20 23:09:28'),
(29, '2013-11-20 23:09:28'),
(29, '2013-11-20 23:09:28'),
(29, '2013-11-20 23:09:28'),
(29, '2013-11-20 23:09:28'),
(29, '2013-11-20 23:09:28'),
(29, '2013-11-20 23:09:28'),
(29, '2013-11-20 23:09:28'),
(29, '2013-11-20 23:09:28'),
(29, '2013-11-20 23:09:28'),
(29, '2013-11-20 23:09:28'),
(29, '2013-11-20 23:09:28'),
(29, '2013-11-20 23:09:28'),
(29, '2013-11-20 23:09:28'),
(29, '2013-11-20 23:09:28'),
(29, '2013-11-20 23:09:28'),
(29, '2013-11-20 23:09:28'),
(29, '2013-11-20 23:09:28'),
(29, '2013-11-20 23:09:28'),
(29, '2013-11-20 23:09:28'),
(29, '2013-11-20 23:09:28'),
(29, '2013-11-20 23:09:28'),
(29, '2013-11-20 23:09:28'),
(29, '2013-11-20 23:09:28'),
(29, '2013-11-20 23:09:28'),
(29, '2013-11-20 23:09:28'),
(29, '2013-11-20 23:09:28'),
(29, '2013-11-20 23:09:28'),
(29, '2013-11-20 23:09:28'),
(29, '2013-11-20 23:09:28'),
(29, '2013-11-20 23:09:28'),
(29, '2013-11-20 23:09:28'),
(29, '2013-11-20 23:09:28'),
(29, '2013-11-20 23:09:28'),
(29, '2013-11-20 23:09:28'),
(29, '2013-11-20 23:09:28'),
(29, '2013-11-20 23:09:28');

-- --------------------------------------------------------

--
-- Table structure for table `filetypes`
--

DROP TABLE IF EXISTS `filetypes`;
CREATE TABLE `filetypes` (
  `id` int(11) unsigned NOT NULL AUTO_INCREMENT,
  `mime` varchar(25) NOT NULL,
  `allowed` tinyint(1) unsigned NOT NULL DEFAULT '1',
  `icon` varchar(50) NOT NULL,
  PRIMARY KEY (`id`),
  KEY `mime` (`mime`,`allowed`)
) ENGINE=MyISAM  DEFAULT CHARSET=utf8;

--
-- Dumping data for table `filetypes`
--

INSERT INTO `filetypes` (`id`, `mime`, `allowed`, `icon`) VALUES
(1, 'pdf', 1, 'icon-edit'),
(2, 'word', 1, 'icon-print');

-- --------------------------------------------------------

--
-- Table structure for table `groups`
--

DROP TABLE IF EXISTS `groups`;
CREATE TABLE `groups` (
  `id` int(11) unsigned NOT NULL AUTO_INCREMENT,
  `name` varchar(50) NOT NULL,
  `description` text NOT NULL,
  `all_versions_available` tinyint(1) unsigned NOT NULL DEFAULT '1',
  `created` datetime NOT NULL,
  `modified` datetime NOT NULL,
  PRIMARY KEY (`id`),
  KEY `name` (`name`,`created`,`modified`)
) ENGINE=MyISAM  DEFAULT CHARSET=utf8;

--
-- Dumping data for table `groups`
--

INSERT INTO `groups` (`id`, `name`, `description`, `all_versions_available`, `created`, `modified`) VALUES
(10, 'Normal users', 'Desc', 1, '2013-11-10 13:00:44', '2013-11-20 21:49:19');

-- --------------------------------------------------------

--
-- Table structure for table `groups_users`
--

DROP TABLE IF EXISTS `groups_users`;
CREATE TABLE `groups_users` (
  `group_id` int(11) unsigned NOT NULL,
  `user_id` int(11) unsigned NOT NULL,
  KEY `user_id` (`group_id`,`user_id`)
) ENGINE=MyISAM DEFAULT CHARSET=utf8;

--
-- Dumping data for table `groups_users`
--

INSERT INTO `groups_users` (`group_id`, `user_id`) VALUES
(10, 10),
(10, 11);

-- --------------------------------------------------------

--
-- Table structure for table `history`
--

DROP TABLE IF EXISTS `history`;
CREATE TABLE `history` (
  `application_id` bigint(20) unsigned NOT NULL,
  `action` varchar(3) NOT NULL,
  `created` datetime NOT NULL,
  `user_id` int(11) unsigned NOT NULL,
  KEY `application_id` (`application_id`,`action`,`created`,`user_id`)
) ENGINE=MyISAM DEFAULT CHARSET=utf8;

--
-- Dumping data for table `history`
--

INSERT INTO `history` (`application_id`, `action`, `created`, `user_id`) VALUES
(1, 'UPL', '2013-11-19 14:36:03', 1),
(1, 'VEW', '2013-11-20 20:28:37', 1),
(1, 'VEW', '2013-11-20 20:29:33', 1),
(1, 'VEW', '2013-11-20 22:03:23', 10),
(1, 'VEW', '2013-11-20 22:03:24', 10),
(2, 'UPL', '2013-11-19 18:33:05', 1),
(3, 'UPL', '2013-11-19 22:51:03', 1),
(4, 'UPL', '2013-11-19 22:52:21', 1),
(6, 'VEW', '2013-11-17 16:28:28', 1),
(6, 'VEW', '2013-11-17 17:16:40', 1),
(7, 'VEW', '2013-11-17 18:39:24', 1),
(9, 'VEW', '2013-11-17 15:25:14', 1),
(9, 'VEW', '2013-11-17 17:08:29', 1),
(9, 'VEW', '2013-11-17 17:09:06', 1),
(10, 'UPL', '2013-11-15 10:14:43', 1),
(10, 'VEW', '2013-11-17 18:34:42', 1),
(11, 'UPL', '2013-11-17 09:29:14', 1),
(12, 'UPL', '2013-11-17 09:31:10', 1),
(13, 'UPL', '2013-11-17 09:32:31', 1),
(14, 'UPL', '2013-11-17 09:33:09', 1),
(14, 'VEW', '2013-11-17 09:34:23', 1),
(14, 'VEW', '2013-11-17 11:59:40', 1),
(15, 'UPL', '2013-11-17 11:51:12', 1),
(16, 'UPL', '2013-11-17 11:56:11', 1),
(17, 'UPL', '2013-11-17 11:56:26', 1),
(18, 'UPL', '2013-11-17 11:57:18', 1),
(19, 'UPL', '2013-11-17 11:58:47', 1),
(20, 'UPL', '2013-11-17 11:59:21', 1),
(20, 'VEW', '2013-11-17 12:00:32', 1),
(21, 'UPL', '2013-11-17 12:00:00', 1),
(21, 'VEW', '2013-11-17 12:00:24', 1),
(22, 'UPL', '2013-11-17 12:01:46', 1),
(23, 'UPL', '2013-11-17 12:02:57', 1),
(23, 'VEW', '2013-11-17 18:39:36', 1),
(24, 'UPL', '2013-11-17 12:03:16', 1),
(24, 'VEW', '2013-11-17 12:05:56', 1),
(24, 'VEW', '2013-11-17 12:14:56', 1),
(24, 'VEW', '2013-11-17 12:16:44', 1),
(24, 'VEW', '2013-11-17 12:17:48', 1),
(24, 'VEW', '2013-11-17 15:05:41', 1),
(24, 'VEW', '2013-11-17 15:06:09', 1),
(24, 'VEW', '2013-11-17 15:06:49', 1),
(24, 'VEW', '2013-11-17 15:10:33', 1),
(24, 'VEW', '2013-11-17 15:18:00', 1),
(24, 'VEW', '2013-11-17 15:18:08', 1),
(24, 'VEW', '2013-11-17 15:22:07', 1),
(24, 'VEW', '2013-11-17 15:25:36', 1),
(24, 'VEW', '2013-11-17 15:47:13', 1),
(24, 'VEW', '2013-11-17 15:57:28', 1),
(24, 'VEW', '2013-11-17 15:59:19', 1),
(24, 'VEW', '2013-11-17 16:01:46', 1),
(24, 'VEW', '2013-11-17 16:03:14', 1),
(24, 'VEW', '2013-11-17 16:03:28', 1),
(24, 'VEW', '2013-11-17 16:21:26', 1),
(24, 'VEW', '2013-11-17 16:21:59', 1),
(24, 'VEW', '2013-11-17 16:34:09', 1),
(24, 'VEW', '2013-11-17 16:38:37', 1),
(24, 'VEW', '2013-11-17 16:41:41', 1),
(24, 'VEW', '2013-11-17 16:44:06', 1),
(24, 'VEW', '2013-11-17 16:44:29', 1),
(24, 'VEW', '2013-11-17 18:30:32', 1),
(24, 'VEW', '2013-11-17 18:34:33', 1),
(24, 'VEW', '2013-11-17 18:34:33', 1),
(25, 'UPL', '2013-11-17 18:56:38', 1),
(25, 'VEW', '2013-11-17 19:00:05', 1),
(25, 'VEW', '2013-11-17 21:32:43', 1),
(26, 'UPL', '2013-11-17 18:59:35', 1),
(26, 'VEW', '2013-11-17 18:59:54', 1),
(26, 'VEW', '2013-11-18 14:46:19', 1),
(27, 'UPL', '2013-11-17 19:14:44', 1),
(28, 'UPL', '2013-11-17 19:23:11', 1),
(29, 'UPL', '2013-11-17 19:25:55', 1),
(29, 'UPL', '2013-11-20 09:40:35', 1),
(29, 'VEW', '2013-11-20 22:03:37', 10),
(29, 'VEW', '2013-11-20 22:18:31', 10),
(30, 'UPL', '2013-11-17 19:27:17', 1),
(30, 'UPL', '2013-11-20 21:08:09', 1),
(30, 'VEW', '2013-11-20 22:03:12', 10),
(30, 'VEW', '2013-11-20 22:10:03', 10),
(30, 'VEW', '2013-11-20 22:13:47', 10),
(30, 'VEW', '2013-11-20 22:14:06', 10),
(30, 'VEW', '2013-11-20 22:14:45', 10),
(30, 'VEW', '2013-11-20 22:15:32', 10),
(31, 'UPL', '2013-11-17 19:27:25', 1),
(31, 'UPL', '2013-11-20 21:08:22', 1),
(31, 'VEW', '2013-11-20 21:12:24', 1),
(31, 'VEW', '2013-11-20 21:13:37', 1),
(31, 'VEW', '2013-11-20 21:13:46', 1),
(31, 'VEW', '2013-11-20 21:13:56', 1),
(31, 'VEW', '2013-11-20 21:14:18', 1),
(31, 'VEW', '2013-11-20 21:14:28', 1),
(31, 'VEW', '2013-11-20 21:15:19', 1),
(31, 'VEW', '2013-11-20 21:17:15', 1),
(31, 'VEW', '2013-11-20 21:18:03', 1),
(31, 'VEW', '2013-11-20 21:18:04', 1),
(31, 'VEW', '2013-11-20 21:18:41', 1),
(31, 'VEW', '2013-11-20 21:19:42', 1),
(31, 'VEW', '2013-11-20 21:19:50', 1),
(31, 'VEW', '2013-11-20 21:29:27', 1),
(31, 'VEW', '2013-11-20 21:30:08', 1),
(31, 'VEW', '2013-11-20 22:15:17', 2),
(32, 'DWN', '2013-11-20 22:01:59', 10),
(32, 'DWN', '2013-11-20 22:02:23', 10),
(32, 'INS', '2013-11-20 22:02:42', 10),
(32, 'UPL', '2013-11-17 19:27:36', 1),
(32, 'UPL', '2013-11-20 21:08:35', 1),
(32, 'VEW', '2013-11-20 21:52:30', 1),
(32, 'VEW', '2013-11-20 21:55:10', 1),
(32, 'VEW', '2013-11-20 22:02:03', 10),
(32, 'VEW', '2013-11-20 22:03:06', 10),
(32, 'VEW', '2013-11-20 22:09:44', 10),
(32, 'VEW', '2013-11-20 22:15:13', 2),
(32, 'VEW', '2013-11-20 22:31:17', 10),
(33, 'UPL', '2013-11-17 19:27:44', 1),
(34, 'UPL', '2013-11-17 19:28:03', 1),
(34, 'VEW', '2013-11-17 22:00:40', 1),
(35, 'UPL', '2013-11-17 19:31:38', 1),
(35, 'VEW', '2013-11-18 20:43:02', 1),
(36, 'UPL', '2013-11-17 19:38:04', 1),
(37, 'UPL', '2013-11-17 19:41:41', 1),
(38, 'UPL', '2013-11-17 19:42:18', 1),
(38, 'VEW', '2013-11-17 22:09:41', 1),
(38, 'VEW', '2013-11-18 09:07:44', 1),
(38, 'VEW', '2013-11-18 09:08:40', 1),
(38, 'VEW', '2013-11-18 09:11:54', 1),
(38, 'VEW', '2013-11-18 09:12:43', 1),
(38, 'VEW', '2013-11-18 09:12:54', 1),
(38, 'VEW', '2013-11-18 09:31:10', 1),
(38, 'VEW', '2013-11-18 09:32:01', 1),
(38, 'VEW', '2013-11-18 15:03:27', 1),
(38, 'VEW', '2013-11-18 15:03:46', 1),
(38, 'VEW', '2013-11-18 15:04:07', 1),
(38, 'VEW', '2013-11-18 16:32:52', 1),
(38, 'VEW', '2013-11-18 16:34:38', 1),
(38, 'VEW', '2013-11-18 17:16:05', 1),
(38, 'VEW', '2013-11-18 17:18:47', 1),
(38, 'VEW', '2013-11-18 17:19:34', 1),
(38, 'VEW', '2013-11-18 17:19:51', 1),
(38, 'VEW', '2013-11-18 17:24:25', 1),
(38, 'VEW', '2013-11-18 17:37:47', 1),
(38, 'VEW', '2013-11-18 17:38:55', 1),
(38, 'VEW', '2013-11-18 17:39:05', 1),
(38, 'VEW', '2013-11-18 17:39:36', 1),
(38, 'VEW', '2013-11-19 13:09:07', 1),
(38, 'VEW', '2013-11-19 13:11:41', 1),
(39, 'UPL', '2013-11-17 19:43:29', 1),
(39, 'VEW', '2013-11-17 19:43:36', 1),
(39, 'VEW', '2013-11-17 21:30:50', 1),
(39, 'VEW', '2013-11-19 13:11:51', 1);

-- --------------------------------------------------------

--
-- Table structure for table `ideas`
--

DROP TABLE IF EXISTS `ideas`;
CREATE TABLE `ideas` (
  `id` bigint(20) unsigned NOT NULL AUTO_INCREMENT,
  `name` varchar(150) NOT NULL,
  `email` varchar(80) NOT NULL,
  `area` tinyint(1) unsigned NOT NULL DEFAULT '0',
  `message` text NOT NULL,
  `created` datetime NOT NULL,
  `modified` datetime NOT NULL,
  PRIMARY KEY (`id`,`area`),
  KEY `created` (`created`,`modified`)
) ENGINE=MyISAM DEFAULT CHARSET=utf8;

--
-- Dumping data for table `ideas`
--


-- --------------------------------------------------------

--
-- Table structure for table `signings`
--

DROP TABLE IF EXISTS `signings`;
CREATE TABLE `signings` (
  `id` int(11) unsigned NOT NULL AUTO_INCREMENT,
  `name` varchar(150) NOT NULL,
  `certificate` varchar(250) NOT NULL,
  `password` varchar(150) NOT NULL,
  `provisioning` varchar(250) NOT NULL,
  `created` datetime NOT NULL,
  `modified` datetime NOT NULL,
  PRIMARY KEY (`id`),
  KEY `created` (`created`,`modified`)
) ENGINE=MyISAM  DEFAULT CHARSET=utf8;

--
-- Dumping data for table `signings`
--

INSERT INTO `signings` (`id`, `name`, `certificate`, `password`, `provisioning`, `created`, `modified`) VALUES
(1, 'Fuerte Enterprise', 'EnterpriseCertificate.p12', 'aaaaaa', 'General_Enterprise.mobileprovision', '0000-00-00 00:00:00', '2013-11-18 22:38:06');

-- --------------------------------------------------------

--
-- Table structure for table `users`
--

DROP TABLE IF EXISTS `users`;
CREATE TABLE `users` (
  `id` int(11) unsigned NOT NULL AUTO_INCREMENT,
  `username` varchar(40) NOT NULL,
  `email` varchar(80) NOT NULL,
  `password` varchar(50) NOT NULL,
  `role` varchar(20) NOT NULL,
  `created` datetime NOT NULL,
  `modified` datetime NOT NULL,
  `firstname` varchar(80) NOT NULL,
  `lastname` varchar(80) NOT NULL,
  `company` varchar(80) NOT NULL,
  `password_token` varchar(40) NOT NULL,
  PRIMARY KEY (`id`),
  KEY `nickname` (`username`,`email`,`password`),
  KEY `role` (`role`)
) ENGINE=MyISAM  DEFAULT CHARSET=utf8;

--
-- Dumping data for table `users`
--

INSERT INTO `users` (`id`, `username`, `email`, `password`, `role`, `created`, `modified`, `firstname`, `lastname`, `company`, `password_token`) VALUES
(2, 'rafiki270', 'ondrej.rafaj@gmail.com', '2d653906a6243a4c0bf66f65df00efdeddfac53d', 'owner', '2013-11-13 18:30:08', '2013-11-17 19:44:00', 'Ondrej', 'Rafaj', 'Fuerte International', ''),
(8, 'jakubrafaj', 'jakub.rafaj@fuerteint.com', '2d653906a6243a4c0bf66f65df00efdeddfac53d', 'admin', '2013-11-19 09:05:28', '2013-11-19 09:05:28', 'Jakub', 'Rafaj', 'Fuerte International', ''),
(10, 'user', 'user@riappstore.com', '7f6fa6b1cfc6cf85381395f91e276bc1f50eca51', 'user', '2013-11-20 20:10:09', '2013-11-20 20:10:13', 'Only', 'User', 'Ridiculous Innovations', ''),
(11, 'developer', 'developer@riappstore.com', '7f6fa6b1cfc6cf85381395f91e276bc1f50eca51', 'developer', '2013-11-20 20:11:52', '2013-11-20 20:11:52', 'Smart', 'Developer', 'Ridiculous Innovations', ''),
(12, 'admin', 'admin@riappstore.com', '7f6fa6b1cfc6cf85381395f91e276bc1f50eca51', 'admin', '2013-11-20 20:12:35', '2013-11-20 20:12:35', 'Almighty', 'Admin', 'Ridiculous Innovations', ''),
(13, 'adadsad', 'ondrej.rafaj@fuerteint.com', '3e8d1855a3d0e81c1c8e9696d94a3bde5e18def5', 'user', '2013-11-21 00:16:52', '2013-11-21 00:16:52', 'Ondrej', 'Rafaj', '', '');
